-- MySQL dump 10.13  Distrib 5.7.12, for Win64 (x86_64)
--
-- Host: localhost    Database: giasu
-- ------------------------------------------------------
-- Server version	5.7.17-log

/*!40101 SET @OLD_CHARACTER_SET_CLIENT=@@CHARACTER_SET_CLIENT */;
/*!40101 SET @OLD_CHARACTER_SET_RESULTS=@@CHARACTER_SET_RESULTS */;
/*!40101 SET @OLD_COLLATION_CONNECTION=@@COLLATION_CONNECTION */;
/*!40101 SET NAMES utf8 */;
/*!40103 SET @OLD_TIME_ZONE=@@TIME_ZONE */;
/*!40103 SET TIME_ZONE='+00:00' */;
/*!40014 SET @OLD_UNIQUE_CHECKS=@@UNIQUE_CHECKS, UNIQUE_CHECKS=0 */;
/*!40014 SET @OLD_FOREIGN_KEY_CHECKS=@@FOREIGN_KEY_CHECKS, FOREIGN_KEY_CHECKS=0 */;
/*!40101 SET @OLD_SQL_MODE=@@SQL_MODE, SQL_MODE='NO_AUTO_VALUE_ON_ZERO' */;
/*!40111 SET @OLD_SQL_NOTES=@@SQL_NOTES, SQL_NOTES=0 */;

--
-- Table structure for table `buoitrongngay`
--

DROP TABLE IF EXISTS `buoitrongngay`;
/*!40101 SET @saved_cs_client     = @@character_set_client */;
/*!40101 SET character_set_client = utf8 */;
CREATE TABLE `buoitrongngay` (
  `ID_GS` int(11) NOT NULL,
  `ST2` tinyint(1) NOT NULL DEFAULT '0',
  `ST3` tinyint(1) NOT NULL DEFAULT '0',
  `ST4` tinyint(1) NOT NULL DEFAULT '0',
  `ST5` tinyint(1) NOT NULL DEFAULT '0',
  `ST6` tinyint(1) NOT NULL DEFAULT '0',
  `ST7` tinyint(1) NOT NULL DEFAULT '0',
  `SCN` tinyint(1) NOT NULL DEFAULT '0',
  `CT2` tinyint(1) NOT NULL DEFAULT '0',
  `CT3` tinyint(1) NOT NULL DEFAULT '0',
  `CT4` tinyint(1) NOT NULL DEFAULT '0',
  `CT5` tinyint(1) NOT NULL DEFAULT '0',
  `CT6` tinyint(1) NOT NULL DEFAULT '0',
  `CT7` tinyint(1) NOT NULL DEFAULT '0',
  `CCN` tinyint(1) NOT NULL DEFAULT '0',
  `TT2` tinyint(1) NOT NULL DEFAULT '0',
  `TT3` tinyint(1) NOT NULL DEFAULT '0',
  `TT4` tinyint(1) NOT NULL DEFAULT '0',
  `TT5` tinyint(1) NOT NULL DEFAULT '0',
  `TT6` tinyint(1) NOT NULL DEFAULT '0',
  `TT7` tinyint(1) NOT NULL DEFAULT '0',
  `TCN` tinyint(1) NOT NULL DEFAULT '0',
  PRIMARY KEY (`ID_GS`),
  CONSTRAINT `FK_REFERENCE_36` FOREIGN KEY (`ID_GS`) REFERENCES `giasu` (`ID_GS`)
) ENGINE=InnoDB DEFAULT CHARSET=utf8 COLLATE=utf8_unicode_ci;
/*!40101 SET character_set_client = @saved_cs_client */;

--
-- Dumping data for table `buoitrongngay`
--

LOCK TABLES `buoitrongngay` WRITE;
/*!40000 ALTER TABLE `buoitrongngay` DISABLE KEYS */;
INSERT INTO `buoitrongngay` VALUES (6,1,0,0,0,0,0,0,1,0,0,0,0,0,0,1,0,0,0,0,0,0);
/*!40000 ALTER TABLE `buoitrongngay` ENABLE KEYS */;
UNLOCK TABLES;

--
-- Table structure for table `chieusinh`
--

DROP TABLE IF EXISTS `chieusinh`;
/*!40101 SET @saved_cs_client     = @@character_set_client */;
/*!40101 SET character_set_client = utf8 */;
CREATE TABLE `chieusinh` (
  `ID_CHIEUSINH` int(11) NOT NULL AUTO_INCREMENT,
  `ID_IMG` int(11) DEFAULT NULL,
  `ID_GS` int(11) DEFAULT NULL,
  `ID_MONHOC` varchar(5) COLLATE utf8_unicode_ci DEFAULT NULL,
  `TEN_CHIEUSINH` varchar(300) COLLATE utf8_unicode_ci DEFAULT NULL,
  `MOTA_CHIEUSINH` varchar(500) COLLATE utf8_unicode_ci DEFAULT NULL,
  `NGAYMO_CHIEUSINH` date DEFAULT NULL,
  `ND_CS` longtext COLLATE utf8_unicode_ci NOT NULL,
  PRIMARY KEY (`ID_CHIEUSINH`),
  KEY `FK_REFERENCE_24` (`ID_IMG`),
  KEY `FK_REFERENCE_31` (`ID_MONHOC`),
  KEY `FK_REFERENCE_32` (`ID_GS`),
  CONSTRAINT `FK_REFERENCE_24` FOREIGN KEY (`ID_IMG`) REFERENCES `image` (`ID_IMG`),
  CONSTRAINT `FK_REFERENCE_31` FOREIGN KEY (`ID_MONHOC`) REFERENCES `monhoc` (`ID_MONHOC`),
  CONSTRAINT `FK_REFERENCE_32` FOREIGN KEY (`ID_GS`) REFERENCES `giasu` (`ID_GS`)
) ENGINE=InnoDB AUTO_INCREMENT=7 DEFAULT CHARSET=utf8 COLLATE=utf8_unicode_ci;
/*!40101 SET character_set_client = @saved_cs_client */;

--
-- Dumping data for table `chieusinh`
--

LOCK TABLES `chieusinh` WRITE;
/*!40000 ALTER TABLE `chieusinh` DISABLE KEYS */;
INSERT INTO `chieusinh` VALUES (2,9,6,'T1','Anh Van','hu h·ª©','2016-08-06','<p>h∆∞ ha</p>\r\n\r\n<p><img alt=\"\" src=\"/upload/images/Screenshot%20(5)(1).png\" /></p>\r\n'),(6,21,6,'AVCB1','Anhh van can b·∫£n 1','bao ƒë·∫≠u','2017-05-11','<p>Gi·ªõi thi·ªáu b·∫£n th&acirc;n kh&ocirc;ng n·∫±m ·ªü vi·ªác ch·ªâ n&ecirc;u t&ecirc;n m&igrave;nh. Nh·ªØng th&ocirc;ng tin kh&aacute;c b·∫°n c&oacute; th·ªÉ k·ªÉ th&ecirc;m l&agrave; qu&ecirc; qu&aacute;n, c&ocirc;ng vi·ªác, m·ªôt v&agrave;i s·ªü th&iacute;ch&hellip; Tuy nhi&ecirc;n, n·ªôi dung c&acirc;u chuy·ªán, vƒÉn phong c&oacute; th·ªÉ linh ho·∫°t t&ugrave;y v&agrave;o m·ªói ho&agrave;n c·∫£nh.</p>\r\n\r\n<p>Nh&igrave;n chung, vi·ªác gi·ªõi thi·ªáu b·∫£n th&acirc;n c&oacute; th·ªÉ chia th&agrave;nh ba ph·∫ßn nh·ªè: Ch&agrave;o h·ªèi, th&ecirc;m th&ocirc;ng tin c∆° b·∫£n v&agrave; chia s·∫ª s·ªü th&iacute;ch.</p>\r\n\r\n<p><img alt=\"\" src=\"/giasu/images/molop/1-b1-a1-2690-1456828693.jpg\" style=\"height:300px; width:500px\" /></p>\r\n');
/*!40000 ALTER TABLE `chieusinh` ENABLE KEYS */;
UNLOCK TABLES;

--
-- Table structure for table `dangkychieusinh`
--

DROP TABLE IF EXISTS `dangkychieusinh`;
/*!40101 SET @saved_cs_client     = @@character_set_client */;
/*!40101 SET character_set_client = utf8 */;
CREATE TABLE `dangkychieusinh` (
  `ID_HOCVIEN` int(11) NOT NULL,
  `ID_CHIEUSINH` int(11) NOT NULL,
  PRIMARY KEY (`ID_HOCVIEN`,`ID_CHIEUSINH`),
  KEY `FK_REFERENCE_29` (`ID_CHIEUSINH`),
  CONSTRAINT `FK_REFERENCE_28` FOREIGN KEY (`ID_HOCVIEN`) REFERENCES `hocvien` (`ID_HOCVIEN`),
  CONSTRAINT `FK_REFERENCE_29` FOREIGN KEY (`ID_CHIEUSINH`) REFERENCES `chieusinh` (`ID_CHIEUSINH`)
) ENGINE=InnoDB DEFAULT CHARSET=utf8 COLLATE=utf8_unicode_ci;
/*!40101 SET character_set_client = @saved_cs_client */;

--
-- Dumping data for table `dangkychieusinh`
--

LOCK TABLES `dangkychieusinh` WRITE;
/*!40000 ALTER TABLE `dangkychieusinh` DISABLE KEYS */;
/*!40000 ALTER TABLE `dangkychieusinh` ENABLE KEYS */;
UNLOCK TABLES;

--
-- Table structure for table `dangkynoiday`
--

DROP TABLE IF EXISTS `dangkynoiday`;
/*!40101 SET @saved_cs_client     = @@character_set_client */;
/*!40101 SET character_set_client = utf8 */;
CREATE TABLE `dangkynoiday` (
  `ID_TINH` int(11) DEFAULT NULL,
  `ID_HUYEN` int(11) DEFAULT NULL,
  `ID_GS` int(11) DEFAULT NULL,
  KEY `FK_REFERENCE_38` (`ID_TINH`),
  KEY `FK_REFERENCE_39` (`ID_HUYEN`),
  KEY `FK_REFERENCE_40` (`ID_GS`),
  CONSTRAINT `FK_REFERENCE_38` FOREIGN KEY (`ID_TINH`) REFERENCES `tinh` (`ID_TINH`),
  CONSTRAINT `FK_REFERENCE_39` FOREIGN KEY (`ID_HUYEN`) REFERENCES `huyen` (`ID_HUYEN`),
  CONSTRAINT `FK_REFERENCE_40` FOREIGN KEY (`ID_GS`) REFERENCES `giasu` (`ID_GS`)
) ENGINE=InnoDB DEFAULT CHARSET=utf8 COLLATE=utf8_unicode_ci;
/*!40101 SET character_set_client = @saved_cs_client */;

--
-- Dumping data for table `dangkynoiday`
--

LOCK TABLES `dangkynoiday` WRITE;
/*!40000 ALTER TABLE `dangkynoiday` DISABLE KEYS */;
/*!40000 ALTER TABLE `dangkynoiday` ENABLE KEYS */;
UNLOCK TABLES;

--
-- Table structure for table `day`
--

DROP TABLE IF EXISTS `day`;
/*!40101 SET @saved_cs_client     = @@character_set_client */;
/*!40101 SET character_set_client = utf8 */;
CREATE TABLE `day` (
  `ID_GS` int(11) NOT NULL,
  `ID_MONHOC` varchar(5) COLLATE utf8_unicode_ci DEFAULT NULL,
  KEY `FK_REFERENCE_30` (`ID_MONHOC`),
  KEY `FK_REFERENCE_33` (`ID_GS`),
  CONSTRAINT `FK_REFERENCE_30` FOREIGN KEY (`ID_MONHOC`) REFERENCES `monhoc` (`ID_MONHOC`),
  CONSTRAINT `FK_REFERENCE_33` FOREIGN KEY (`ID_GS`) REFERENCES `giasu` (`ID_GS`)
) ENGINE=InnoDB DEFAULT CHARSET=utf8 COLLATE=utf8_unicode_ci;
/*!40101 SET character_set_client = @saved_cs_client */;

--
-- Dumping data for table `day`
--

LOCK TABLES `day` WRITE;
/*!40000 ALTER TABLE `day` DISABLE KEYS */;
INSERT INTO `day` VALUES (6,'AVCB1'),(6,'AVCB2');
/*!40000 ALTER TABLE `day` ENABLE KEYS */;
UNLOCK TABLES;

--
-- Table structure for table `giasu`
--

DROP TABLE IF EXISTS `giasu`;
/*!40101 SET @saved_cs_client     = @@character_set_client */;
/*!40101 SET character_set_client = utf8 */;
CREATE TABLE `giasu` (
  `ID_GS` int(11) NOT NULL AUTO_INCREMENT,
  `ID_IMG` int(11) DEFAULT '1',
  `ID_TRINHDO` varchar(5) COLLATE utf8_unicode_ci DEFAULT NULL,
  `ID_KHOINGANH` varchar(5) COLLATE utf8_unicode_ci DEFAULT NULL,
  `TEN_GS` varchar(100) COLLATE utf8_unicode_ci DEFAULT NULL,
  `GIOITINH_GS` tinyint(1) DEFAULT NULL,
  `NGAYSINH_GS` date DEFAULT NULL,
  `SDT_GS` varchar(13) COLLATE utf8_unicode_ci DEFAULT NULL,
  `EMAIL_GS` varchar(50) COLLATE utf8_unicode_ci DEFAULT NULL,
  `MATKHAU_GS` varbinary(100) DEFAULT NULL,
  `GIOITHIEU_GS` varchar(500) COLLATE utf8_unicode_ci DEFAULT NULL,
  `NOICONGTAC_GS` varchar(300) COLLATE utf8_unicode_ci DEFAULT NULL,
  `DUYET_GS` tinyint(1) DEFAULT '0',
  `LUONGKHOIDIEM_GS` int(11) DEFAULT NULL,
  `LUONGCAONHAT_GS` int(11) DEFAULT NULL,
  `CHUYENNGANH_GS` varchar(300) COLLATE utf8_unicode_ci DEFAULT NULL,
  `TG_DK` datetime DEFAULT NULL,
  `ADMIN` tinyint(1) DEFAULT '0',
  `DAXEM_GS` tinyint(1) DEFAULT '0',
  PRIMARY KEY (`ID_GS`),
  KEY `FK_REFERENCE_1` (`ID_IMG`),
  KEY `FK_REFERENCE_12` (`ID_TRINHDO`),
  KEY `FK_REFERENCE_34` (`ID_KHOINGANH`),
  CONSTRAINT `FK_REFERENCE_1` FOREIGN KEY (`ID_IMG`) REFERENCES `image` (`ID_IMG`),
  CONSTRAINT `FK_REFERENCE_12` FOREIGN KEY (`ID_TRINHDO`) REFERENCES `trinhdo` (`ID_TRINHDO`),
  CONSTRAINT `FK_REFERENCE_34` FOREIGN KEY (`ID_KHOINGANH`) REFERENCES `khoinganh` (`ID_KHOINGANH`)
) ENGINE=InnoDB AUTO_INCREMENT=22 DEFAULT CHARSET=utf8 COLLATE=utf8_unicode_ci;
/*!40101 SET character_set_client = @saved_cs_client */;

--
-- Dumping data for table `giasu`
--

LOCK TABLES `giasu` WRITE;
/*!40000 ALTER TABLE `giasu` DISABLE KEYS */;
INSERT INTO `giasu` VALUES (6,12,'dh','CNTT','Nguy·ªÖn T·∫•n ƒê∆∞·ª£c',1,'1996-01-06','01868149511','tanduoc13@gmail.com','\“SÄY\‚û\ZÛÚ§Ct§F\Ë¨Tß\‘eM^S˘\0\n%∑®I5j~*∑÷•\Àl\›z\◊r¡íî','L√† th√†nh vi√™n k·ª≥ c·ª±u c·ªßa trang web','Tr∆∞·ªùng ƒê·∫°i H·ªçc C·∫ßn Th∆°',1,1000,300,'Tin H·ªçc ·ª®ng D·ª•ng',NULL,1,1),(7,1,'ch',NULL,NULL,2,NULL,NULL,'tranminhan@gmail.com','\“SÄY\‚û\ZÛÚ§Ct§F\Ë¨Tß\‘eM^S˘\0\n%∑®I5j~*∑÷•\Àl\›z\◊r¡íî',NULL,NULL,1,NULL,NULL,NULL,NULL,0,1),(8,1,'ths',NULL,'Tr·∫ßn Minh An',NULL,NULL,NULL,'ntdhoctap@gmail.com','\“SÄY\‚û\ZÛÚ§Ct§F\Ë¨Tß\‘eM^S˘\0\n%∑®I5j~*∑÷•\Àl\›z\◊r¡íî',NULL,NULL,1,NULL,NULL,NULL,'2017-03-04 18:30:28',0,0),(9,1,'tc',NULL,'Tran Thien Thanh',NULL,NULL,NULL,'thienthu123@gmail.com','\“SÄY\‚û\ZÛÚ§Ct§F\Ë¨Tß\‘eM^S˘\0\n%∑®I5j~*∑÷•\Àl\›z\◊r¡íî',NULL,NULL,1,NULL,NULL,NULL,'2017-03-04 18:31:23',0,0),(10,1,'cd',NULL,'Vu Van V√¥',1,'1990-02-10','098080808','vanvo123@gmail.com','\“SÄY\‚û\ZÛÚ§Ct§F\Ë¨Tß\‘eM^S˘\0\n%∑®I5j~*∑÷•\Àl\›z\◊r¡íî','Chuy√™n m√¥n c√°c lƒ©nh v·ª±c ng√¥n ng·ªØ m·ªõi','Tr∆∞·ªùng Cao ƒêƒÉng C·∫ßn Th∆°',1,NULL,NULL,'C√¥ng ngh·ªá th√¥ng tin','2017-03-04 18:32:08',0,0),(17,1,NULL,NULL,'Vo Nhat Minh',1,'2010-09-02','099968989','vnminh12@gmail.com','\“SÄY\‚û\ZÛÚ§Ct§F\Ë¨Tß\‘eM^S˘\0\n%∑®I5j~*∑÷•\Àl\›z\◊r¡íî','Hang h√°i trong vi·ªác day hoc','ƒê·∫°i H·ªçc C·∫ßn Th∆°',0,100000,200000,NULL,NULL,0,0),(18,1,'dh','CNTT','V√µ Nh·∫≠t Minh',1,'1996-06-01','01697914677','vnminh123@gmail.com','\“SÄY\‚û\ZÛÚ§Ct§F\Ë¨Tß\‘eM^S˘\0\n%∑®I5j~*∑÷•\Àl\›z\◊r¡íî','Th·ª£ m·ªçc','C·∫ßn Th∆°',0,10000,20000,'Tinh hoc ung dung',NULL,0,0),(19,1,NULL,NULL,'Tran Quang Minh',NULL,NULL,NULL,'tqminh@gmail.com','\“SÄY\‚û\ZÛÚ§Ct§F\Ë¨Tß\‘eM^S˘\0\n%∑®I5j~*∑÷•\Àl\›z\◊r¡íî',NULL,NULL,0,NULL,NULL,NULL,NULL,0,0),(20,1,NULL,NULL,'Tran Minh Dai',NULL,NULL,NULL,'tmdai@gmail.com','\“SÄY\‚û\ZÛÚ§Ct§F\Ë¨Tß\‘eM^S˘\0\n%∑®I5j~*∑÷•\Àl\›z\◊r¡íî',NULL,NULL,0,NULL,NULL,NULL,NULL,0,0),(21,1,NULL,NULL,'Tran Minh Anh',NULL,NULL,NULL,'tmanh@gmail.com','\“SÄY\‚û\ZÛÚ§Ct§F\Ë¨Tß\‘eM^S˘\0\n%∑®I5j~*∑÷•\Àl\›z\◊r¡íî',NULL,NULL,0,NULL,NULL,NULL,NULL,1,0);
/*!40000 ALTER TABLE `giasu` ENABLE KEYS */;
UNLOCK TABLES;

--
-- Table structure for table `hocvien`
--

DROP TABLE IF EXISTS `hocvien`;
/*!40101 SET @saved_cs_client     = @@character_set_client */;
/*!40101 SET character_set_client = utf8 */;
CREATE TABLE `hocvien` (
  `ID_HOCVIEN` int(11) NOT NULL AUTO_INCREMENT,
  `ID_GS` int(11) DEFAULT NULL,
  `TEN_HOCVIEN` varchar(50) COLLATE utf8_unicode_ci DEFAULT NULL,
  `EMAIL__HOCVIEN` varchar(50) COLLATE utf8_unicode_ci DEFAULT NULL,
  `SDT_HOCVIEN` varchar(13) COLLATE utf8_unicode_ci DEFAULT NULL,
  `DIACHI_HOCVIEN` varchar(200) COLLATE utf8_unicode_ci DEFAULT NULL,
  `TG_DK_HV` datetime DEFAULT NULL,
  `DAXEM_HOCVIEN` tinyint(1) DEFAULT '0',
  `DK_TN` tinyint(1) DEFAULT '0',
  `DK_MON` varchar(5) COLLATE utf8_unicode_ci DEFAULT NULL,
  `DK_LOP` tinyint(1) DEFAULT '0',
  `YEUCAU` varchar(500) COLLATE utf8_unicode_ci NOT NULL,
  PRIMARY KEY (`ID_HOCVIEN`),
  KEY `FK_REFERENCE_18` (`ID_GS`),
  CONSTRAINT `FK_REFERENCE_18` FOREIGN KEY (`ID_GS`) REFERENCES `giasu` (`ID_GS`)
) ENGINE=InnoDB AUTO_INCREMENT=14 DEFAULT CHARSET=utf8 COLLATE=utf8_unicode_ci;
/*!40101 SET character_set_client = @saved_cs_client */;

--
-- Dumping data for table `hocvien`
--

LOCK TABLES `hocvien` WRITE;
/*!40000 ALTER TABLE `hocvien` DISABLE KEYS */;
INSERT INTO `hocvien` VALUES (1,NULL,'Nguyen Van Minh','tanduoc13@gmail.com','01868149511','ban kia',NULL,0,0,'1',0,''),(2,NULL,'aaaa','a@gmail.com','145','ga',NULL,0,0,'0',0,''),(3,6,'Nguy·ªÖn Minh Anh','minhanh@gmail.com','01868149511',NULL,NULL,0,0,'0',0,''),(4,7,'Nguy·ªÖn Hi·∫øu','Hieunguyen@gmail.com','01868149511',NULL,NULL,1,0,'0',0,''),(9,NULL,'Nguyen Mo Lop b','tanduoc13@gmail.com','01868149511',NULL,'2016-08-23 22:50:02',0,NULL,'T1',1,'lala'),(10,NULL,'Nguy·ªÖn T√¢n ƒê∆∞·ª£c','tanduoc13@gmail.com','01868149511','day tot vao','2016-08-23 23:20:10',NULL,1,'AVCB1',NULL,'B√äN KIA'),(11,6,'Ngueyn 123','tanduoc13@gmail.com','01868149511','h√¢n','2016-08-24 01:16:52',NULL,0,'AVCB1',0,'nguyen'),(12,NULL,'dat','dat@gmail.com','1234','a','2016-11-30 14:38:25',NULL,NULL,NULL,1,'a'),(13,NULL,'fgf4545','dat@gmail.com','34','fdf','2016-12-21 11:13:41',NULL,NULL,NULL,1,'fdf');
/*!40000 ALTER TABLE `hocvien` ENABLE KEYS */;
UNLOCK TABLES;

--
-- Table structure for table `huyen`
--

DROP TABLE IF EXISTS `huyen`;
/*!40101 SET @saved_cs_client     = @@character_set_client */;
/*!40101 SET character_set_client = utf8 */;
CREATE TABLE `huyen` (
  `ID_HUYEN` int(11) NOT NULL,
  `ID_TINH` int(11) DEFAULT NULL,
  `TEN_HUYEN` varchar(200) COLLATE utf8_unicode_ci DEFAULT NULL,
  PRIMARY KEY (`ID_HUYEN`),
  KEY `FK_REFERENCE_37` (`ID_TINH`),
  CONSTRAINT `FK_REFERENCE_37` FOREIGN KEY (`ID_TINH`) REFERENCES `tinh` (`ID_TINH`)
) ENGINE=InnoDB DEFAULT CHARSET=utf8 COLLATE=utf8_unicode_ci;
/*!40101 SET character_set_client = @saved_cs_client */;

--
-- Dumping data for table `huyen`
--

LOCK TABLES `huyen` WRITE;
/*!40000 ALTER TABLE `huyen` DISABLE KEYS */;
INSERT INTO `huyen` VALUES (1,1,'Th√†nh Ph·ªë Long Xuy√™n'),(2,1,'Th·ªã X√£ Ch√¢u ƒê·ªëc'),(3,1,'Huy·ªán Ch√¢u Th√†nh'),(4,1,'Huy·ªán Ch√¢u Ph√∫'),(5,1,'Huy·ªán T·ªãnh Bi√™n'),(6,1,'Huy·ªán Tri T√¥n'),(7,1,'Huy·ªán Tho·∫°i S∆°n'),(8,1,'Huy·ªán Ch·ª£ M·ªõi'),(9,1,'Huy·ªán Ph√∫ T√¢n'),(10,1,'Huy·ªán T√¢n Ch√¢u'),(11,1,'Huy·ªán An Ph√∫'),(12,2,'Th√†nh Ph·ªë V≈©ng T√†u'),(13,2,'Th√†nh Ph·ªë B√† R·ªãa'),(14,2,'Huy·ªán Long ƒêi·ªÅn'),(15,2,'Huy·ªán ƒê·∫•t ƒê·ªè'),(16,2,'Huy·ªán Ch√¢u ƒê·ª©c'),(17,2,'Huy·ªán T√¢n Th√†nh'),(18,2,'Huy·ªán C√¥n ƒê·∫£o'),(19,2,'Huy·ªán Xuy√™n M·ªôc'),(20,3,'Th√†nh Ph·ªë B·∫Øc Giang'),(21,3,'Huy·ªán S∆°n ƒê·ªông'),(22,3,'Huy·ªán L·ª•c Ng·∫°n'),(23,3,'Huy·ªán L·ª•c Nam'),(24,3,'Huy·ªán L·∫°ng Giang'),(25,3,'Huy·ªán T√¢n Y√™n'),(26,3,'Huy·ªán Y√™n Th·∫ø'),(27,3,'Huy·ªán Hi·ªáp Ho√†'),(28,3,'Huy·ªán Vi·ªát Y√™n'),(29,3,'Huy·ªán Y√™n D≈©ng'),(30,4,'Th·ªã X√£ B·∫Øc K·∫°n'),(31,4,'Huy·ªán Ba B·ªÉ'),(32,4,'Huy·ªán B·∫°ch Th√¥ng'),(33,4,'Huy·ªán Ch·ª£ ƒê·ªìn'),(34,4,'Huy·ªán Ch·ª£ M·ªõi'),(35,4,'Huy·ªán Na R√¨'),(36,4,'Huy·ªán Ng√¢n S∆°n'),(37,4,'Huy·ªán P√°c N·∫∑m'),(38,5,'Th√†nh Ph·ªë B·∫°c Li√™u'),(39,5,'Huy·ªán H·ªìng D√¢n'),(40,5,'Huy·ªán H√≤a B√¨nh'),(41,5,'Huy·ªán Gi√° Rai'),(42,5,'Huy·ªán Ph∆∞·ªõc Long'),(43,5,'Huy·ªán Vƒ©nh L·ª£i'),(44,5,'Huy·ªán ƒê√¥ng H·∫£i'),(45,6,'Th√†nh Ph·ªë B·∫Øc Ninh'),(46,6,'Th·ªã X√£ T·ª´ S∆°n'),(47,6,'Huy·ªán Ti√™n Du'),(48,6,'Huy·ªán Y√™n Phong'),(49,6,'Huy·ªán Qu·∫ø V√µ'),(50,6,'Huy·ªán Thu·∫≠n Th√†nh'),(51,6,'Huy·ªán L∆∞∆°ng T√†i'),(52,6,'Huy·ªán Gia B√¨nh'),(53,7,'Th√†nh Ph·ªë B·∫øn Tre'),(54,7,'Huy·ªán Ch√¢u Th√†nh'),(55,7,'Huy·ªán B√¨nh ƒê·∫°i'),(56,7,'Huy·ªán Ch·ª£ L√°ch'),(57,7,'Huy·ªán Th·∫°nh Ph√∫'),(58,7,'Huy·ªán Gi·ªìng Tr√¥m'),(59,7,'Huy·ªán Ba Tri'),(60,7,'Huy·ªán M·ªè C√†y'),(61,8,'Th√†nh Ph·ªë Quy Nh∆°n'),(62,8,'Th·ªã X√£ An Nh∆°n'),(63,8,'Huy·ªán An L√£o'),(64,8,'Huy·ªán Ho√†i √Çn'),(65,8,'Huy·ªán Ho√†i Nh∆°n'),(66,8,'Huy·ªán Ph√π C√°t'),(67,8,'Huy·ªán Ph√π M·ªπ'),(68,8,'Huy·ªán Tuy Ph∆∞·ªõc'),(69,8,'Huy·ªán T√¢y S∆°n'),(70,8,'Huy·ªán V√¢n Canh'),(71,8,'Huy·ªán Vƒ©nh Th·∫°nh'),(72,9,'Th√†nh Ph·ªë Th·ªß D·∫ßu M·ªôt'),(73,9,'Th·ªã X√£ Thu·∫≠n An'),(74,9,'Th·ªã X√£ Dƒ© An'),(75,9,'Huy·ªán B·∫øn C√°t'),(76,9,'Huy·ªán D·∫ßu Ti·∫øng'),(77,9,'Huy·ªán T√¢n Uy√™n'),(78,9,'Huy·ªán Ph√∫ Gi√°o'),(79,10,'Th·ªã X√£ ƒê·ªìng Xo√†i'),(80,10,'Th·ªã X√£ B√¨nh Long'),(81,10,'Th·ªã X√£ Ph∆∞·ªõc Long'),(82,10,'Huy·ªán ƒê·ªìng Ph√∫'),(83,10,'Huy·ªán B√π ƒêƒÉng'),(84,10,'Huy·ªán B√π ƒê·ªëp'),(85,10,'Huy·ªán Ch∆°n Th√†nh'),(86,10,'Huy·ªán L·ªôc Ninh'),(87,10,'Huy·ªán B√π Gia M·∫≠p'),(88,10,'Huy·ªán H·ªõn Qu·∫£n'),(89,11,'Th·ªã X√£ La Gi'),(90,11,'Huy·ªán Tuy Phong'),(91,11,'Huy·ªán B·∫Øc B√¨nh'),(92,11,'Huy·ªán H√†m Thu·∫≠n B·∫Øc'),(93,11,'Huy·ªán H√†m Thu·∫≠n Nam'),(94,11,'Huy·ªán H√†m T√¢n'),(95,11,'Huy·ªán Ph√∫ Qu√Ω'),(96,11,'Huy·ªán T√°nh Linh'),(97,11,'Huy·ªán ƒê·ª©c Linh'),(98,11,'TP Phan Thi·∫øt'),(99,12,'Th√†nh Ph·ªë C√† Mau'),(100,12,'Huy·ªán ƒê·∫ßm D∆°i'),(101,12,'Huy·ªán Ng·ªçc Hi·ªÉn'),(102,12,'Huy·ªán C√°i N∆∞·ªõc'),(103,12,'Huy·ªán Tr·∫ßn VƒÉn Th·ªùi'),(104,12,'Huy·ªán U Minh'),(105,12,'Huy·ªán Th·ªõi B√¨nh'),(106,12,'Huy·ªán NƒÉm CƒÉn'),(107,12,'Huy·ªán Ph√∫ T√¢n'),(108,13,'Th·ªã X√£ Cao B·∫±ng'),(109,13,'Huy·ªán B·∫£o L√¢m'),(110,13,'Huy·ªán B·∫£o L·∫°c'),(111,13,'Huy·ªán Nguy√™n B√¨nh'),(112,13,'Huy·ªán Th√¥ng N√¥ng'),(113,13,'Huy·ªán H√† Qu·∫£ng'),(114,13,'Huy·ªán H√≤a An'),(115,13,'Huy·ªán Tr√† Lƒ©nh'),(116,13,'Huy·ªán Tr√πng Kh√°nh'),(117,13,'Huy·ªán H·∫° Lang'),(118,13,'Huy·ªán Ph·ª•c H√≤a'),(119,13,'Huy·ªán Qu·∫£ng Uy√™n'),(120,13,'Huy·ªán Th·∫°ch An'),(121,14,'Th√†nh ph·ªë Bu√¥n Ma Thu·ªôt'),(122,14,'Huy·ªán Ea H Leo'),(123,14,'Huy·ªán Kr√¥ng Buk'),(124,14,'Huy·ªán Kr√¥ng NƒÉng'),(125,14,'Huy·ªán Ea S√∫p'),(126,14,'Huy·ªán C∆∞ M gar'),(127,14,'Huy·ªán Kr√¥ng P·∫Øc'),(128,14,'Huy·ªán Ea Kar'),(129,14,'Huy·ªán M`ƒêrƒÉk'),(130,14,'Huy·ªán Kr√¥ng Ana'),(131,14,'Huy·ªán Kr√¥ng B√¥ng'),(132,14,'Huy·ªán LƒÉk'),(133,14,'Huy·ªán Bu√¥n ƒê√¥n'),(134,14,'Huy·ªán C∆∞ Kuin'),(135,15,'Th·ªã X√£ Gia Nghƒ©a'),(136,15,'Huy·ªán C∆∞ J√∫t'),(137,15,'Huy·ªán ƒê·∫Øk Glong'),(138,15,'Huy·ªán ƒê·∫Øk Mil'),(139,15,'Huy·ªán ƒê·∫Øk R\'l·∫•p'),(140,15,'Huy·ªán ƒê·∫Øk Song'),(141,15,'Huy·ªán Kr√¥ng N√¥'),(142,15,'Huy·ªán Tuy ƒê·ª©c'),(143,16,'Th√†nh Ph·ªë ƒêi·ªán Bi√™n'),(144,16,'Th·ªã X√£ M∆∞·ªùng Lay'),(145,16,'Huy·ªán ƒêi·ªán Bi√™n ƒê√¥ng'),(146,16,'Huy·ªán M∆∞·ªùng ·∫¢ng'),(147,16,'Huy·ªán M∆∞·ªùng Ch√†'),(148,16,'Huy·ªán Tu·∫ßn Gi√°o'),(149,16,'Huy·ªán T·ªßa Ch√πa'),(150,16,'Huy·ªán M∆∞·ªùng Nh√©'),(151,16,'Huy·ªán N·∫≠m P·ªì'),(152,17,'Th√†nh Ph·ªë Bi√™n H√≤a'),(153,17,'Th·ªã X√£ Long Kh√°nh'),(154,17,'Huy·ªán C·∫©m M·ªπ'),(155,17,'Huy·ªán ƒê·ªãnh Qu√°n'),(156,17,'Huy·ªán Long Th√†nh'),(157,17,'Huy·ªán Nh∆°n Tr·∫°ch'),(158,17,'Huy·ªán T√¢n Ph√∫'),(159,17,'Huy·ªán Th·ªëng Nh·∫•t'),(160,17,'Huy·ªán Tr·∫£ng Bom'),(161,17,'Huy·ªán Vƒ©nh C·ª≠u'),(162,17,'Huy·ªán Xu√¢n L·ªôc'),(163,18,'Th√†nh Ph·ªë Cao L√£nh'),(164,18,'Th·ªã X√£ H·ªìng Ng·ª±'),(165,18,'Th·ªã X√£ Sa ƒê√©c'),(166,18,'Huy·ªán Tam N√¥ng'),(167,18,'Huy·ªán Thanh B√¨nh'),(168,18,'Huy·ªán Cao L√£nh'),(169,18,'Huy·ªán Th√°p M∆∞·ªùi'),(170,18,'Huy·ªán Ch√¢u Th√†nh'),(171,18,'Huy·ªán T√¢n N·ªìng'),(172,18,'Huy·ªán Lai Vung'),(173,18,'Huy·ªán L·∫•p V√≤'),(174,19,'Th√†nh ph·ªë Pleiku'),(175,19,'Huy·ªán Ch∆∞ PƒÉh'),(176,19,'Huy·ªán Mang Yang'),(177,19,'Huy·ªán Kbang'),(178,19,'Th·ªã x√£ An Kh√™'),(179,19,'Huy·ªán K√¥ng Chro'),(180,19,'Huy·ªán ƒê·ª©c C∆°'),(181,19,'Huy·ªán Ch∆∞pr√¥ng'),(182,19,'Huy·ªán Ch∆∞ S√™'),(183,19,'Huy·ªán Ayunpa'),(184,19,'Huy·ªán Kr√¥ng Pa'),(185,19,'Huy·ªán Ia Grai'),(186,19,'Huy·ªán ƒêƒÉk ƒêoa'),(187,19,'Huy·ªán Ia Pa'),(188,19,'Huy·ªán ƒêƒÉk P∆°'),(189,19,'Huy·ªán Ph√∫ Thi·ªán'),(190,20,'Th√†nh Ph·ªë H√† Giang'),(191,20,'Huy·ªán ƒê·ªìng VƒÉn'),(192,20,'Huy·ªán M√®o V·∫°c'),(193,20,'Huy·ªán Y√™n Minh'),(194,20,'Huy·ªán Qu·∫£n B·∫°'),(195,20,'Huy·ªán B·∫Øc M√™'),(196,20,'Huy·ªán V·ªã Xuy√™n'),(197,20,'Huy·ªán B·∫Øc Quang'),(198,20,'Huy·ªán Ho√†ng Su Ph√¨'),(199,20,'Huy·ªán X√≠n M·∫ßn'),(200,20,'Huy·ªán Quang B√¨nh'),(201,21,'Th·ªã x√£ Ph·ªß L√Ω'),(202,21,'Huy·ªán Duy Ti√™n'),(203,21,'Huy·ªán Kim B·∫£ng'),(204,21,'Huy·ªán L√Ω Nh√¢n'),(205,21,'Hu·ªµ·ªán Thanh Li√™m'),(206,21,'Huy·ªán B√¨nh L·ª•c'),(207,22,'Th√†nh Ph·ªë H√† T·ªânh'),(208,22,'Th·ªã X√£ H·ªìng Lƒ©nh'),(209,22,'Huy·ªán C·∫©m Xuy√™n'),(210,22,'Huy·ªán Can L·ªôc'),(211,22,'Huy·ªán ƒê·ª©c Th·ªç'),(212,22,'Huy·ªán H∆∞∆°ng Kh√™'),(213,22,'Huy·ªán H∆∞∆°ng S∆°n'),(214,22,'Huy·ªán K·ª≥ Anh'),(215,22,'Huy·ªán Nghi Xu√¢n'),(216,22,'Huy·ªán Th·∫°ch H√†'),(217,22,'Huy·ªán V≈© Quang'),(218,22,'Huy·ªán L·ªôc H√†'),(219,23,'Th√†nh Ph·ªë H·∫£i D∆∞∆°ng'),(220,23,'Th·ªã X√£ Ch√≠ Linh'),(221,23,'Huy·ªán B√¨nh Giang'),(222,23,'Huy·ªán C·∫©m Gi√†ng'),(223,23,'Huy·ªán Nam S√°ch'),(224,23,'Huy·ªán Thanh H√†'),(225,23,'Huy·ªán Kim Th√†nh'),(226,23,'Huy·ªán Kinh M√¥n'),(227,23,'Huy·ªán Gia L·ªôc'),(228,23,'Huy·ªán T·ª© K·ª≥'),(229,23,'Huy·ªán Thanh Mi·ªán'),(230,23,'Huy·ªán Ninh Giang'),(231,24,'Th√†nh Ph·ªë V·ªã Thanh'),(232,24,'Th·ªã X√£ Ng√£ B·∫£y'),(233,24,'Huy·ªán Long M·ªπ'),(234,24,'Huy·ªán Ch√¢u Th√†nh'),(235,24,'Huy·ªán Ch√¢u Th√†nh A'),(236,24,'Huy·ªán V·ªã Th·ªßy'),(237,24,'Huy·ªán Ph·ª•ng Hi·ªáp'),(238,25,'Th√†nh Ph·ªë H√≤a B√¨nh'),(239,25,'Huy·ªán ƒê√† B·∫Øc'),(240,25,'Huy·ªán K·ª≥ S∆°n'),(241,25,'Huy·ªán L∆∞∆°ng S∆°n'),(242,25,'Huy·ªán Cao Phong'),(243,25,'Huy·ªán Kim B√¥i'),(244,25,'Huy·ªán L·∫°c Thu·ª∑'),(245,25,'Huy·ªán Mai Ch√¢u'),(246,25,'Huy·ªán T√¢n L·∫°c'),(247,25,'Huy·ªán L·∫°c S∆°n'),(248,25,'Huy·ªán Y√™n Thu·ª∑'),(249,26,'Th√†nh Ph·ªë H∆∞ng Y√™n'),(250,26,'Huy·ªán Kim ƒê·ªông'),(251,26,'Huy·ªán Y√™n M·ªπ'),(252,26,'Huy·ªán Ph√π C·ª´'),(253,26,'Huy·ªán √Çn Thi'),(254,26,'Huy·ªán Kho√°i Ch√¢u'),(255,26,'Huy·ªán VƒÉn Giang'),(256,26,'Huy·ªán VƒÉn L√¢m'),(257,26,'Huy·ªán M·ªπ H√†o'),(258,26,'Huy·ªán Ti√™n L·ªØ'),(259,27,'Th√†nh Ph·ªë Nha Trang'),(260,27,'Th√†nh Ph·ªë Cam Ranh'),(261,27,'Huy·ªán Kh√°nh S∆°n'),(262,27,'Huy·ªán Kh√°nh Vƒ©nh'),(263,27,'Huy·ªán Cam L√¢m'),(264,27,'Huy·ªán Di√™n Kh√°nh'),(265,27,'Huy·ªán Ninh H√≤a'),(266,27,'Huy·ªán Tr∆∞·ªùng Sa'),(267,27,'Huy·ªán V·∫°n Ninh'),(268,28,'Th√†nh Ph·ªë R·∫°ch Gi√°'),(269,28,'Th·ªã X√£ H√† Ti√™n'),(270,28,'Huy·ªán An Bi√™n'),(271,28,'Huy·ªán An Minh'),(272,28,'Huy·ªán Ch√¢u Th√†nh'),(273,28,'Huy·ªán Gi·ªìng Ri·ªÅng'),(274,28,'Huy·ªán G√≤ Quao'),(275,28,'Huy·ªán H√≤n ƒê·∫•t'),(276,28,'Huy·ªán Ki√™n H·∫£i'),(277,28,'Huy·ªán Ki√™n L∆∞∆°ng'),(278,28,'Huy·ªán Ph√∫ Qu·ªëc'),(279,28,'Huy·ªán T√¢n Hi·ªáp'),(280,28,'Huy·ªán U Minh Th∆∞·ª£ng'),(281,28,'Huy·ªán Vƒ©nh Thu·∫≠n'),(282,28,'Huy·ªán Giang Th√†nh'),(283,29,'Th√†nh Ph·ªë Kon Tum'),(284,29,'Huy·ªán ƒêak H√†'),(285,29,'Huy·ªán ƒêak T√¥'),(286,29,'Huy·ªán Ng·ªçc H·ªìi'),(287,29,'Huy·ªán ƒêak Gl√™i'),(288,29,'Huy·ªán Sa Th·∫ßy'),(289,29,'Huy·ªán Kon R·∫´y'),(290,29,'Huy·ªán Kon Plong'),(291,29,'Huy·ªán Tu M∆° R√¥ng'),(292,30,'Th·ªã X√£ Lai Ch√¢u'),(293,30,'Huy·ªán Tam ƒê∆∞·ªùng'),(294,30,'Huy·ªán Than Uy√™n'),(295,30,'Huy·ªán Phong Th·ªï'),(296,30,'Huy·ªán S√¨n H·ªì'),(297,30,'Huy·ªán M∆∞·ªùng T√®'),(298,30,'Huy·ªán T√¢n Uy√™n'),(299,31,'Th√†nh Ph·ªë ƒê√† L·∫°t'),(300,31,'Th√†nh Ph·ªë B·∫£o L·ªôc'),(301,31,'Huy·ªán B·∫£o L√¢m'),(302,31,'Huy·ªán C√°t Ti√™n'),(303,31,'Huy·ªán Di Linh'),(304,31,'Huy·ªán ƒêam R√¥ng'),(305,31,'Huy·ªán ƒê·∫° Huoai'),(306,31,'Huy·ªán ƒê·∫° T·∫ªh'),(307,31,'Huy·ªán ƒê∆°n D∆∞∆°ng'),(308,31,'Huy·ªán L·∫°c D∆∞∆°ng'),(309,31,'Huy·ªán L√¢m H√†'),(310,31,'Huy·ªán ƒê·ª©c Tr·ªçng'),(311,32,'Th√†nh Ph·ªë L·∫°ng S∆°n'),(312,32,'Huy·ªán Tr√†ng ƒê·ªãnh'),(313,32,'Huy·ªán VƒÉn L√£ng'),(314,32,'Huy·ªán H·ªØu L≈©ng'),(315,32,'Huy·ªán Cao L·ªôc'),(316,32,'Huy·ªán L·ªôc B√¨nh'),(317,32,'Huy·ªán ƒê√¨nh L·∫≠p'),(318,32,'Huy·ªán Chi LƒÉng'),(319,32,'Huy·ªán VƒÉn Quan'),(320,32,'Huy·ªán B√¨nh Gia'),(321,32,'Huy·ªán B·∫Øc S∆°n'),(322,33,'Th√†nh Ph·ªë L√†o Cai'),(323,33,'Huy·ªán B·∫£o Th·∫Øng'),(324,33,'Huy·ªán B·∫Øc H√†'),(325,33,'Huy·ªán B·∫£o Y√™n'),(326,33,'Huy·ªán B√°t X√°t'),(327,33,'Huy·ªán M∆∞·ªùng Kh∆∞∆°ng'),(328,33,'Huy·ªán Sa Pa'),(329,33,'Huy·ªán Si Ma Cai'),(330,33,'Huy·ªán VƒÉn B√†n'),(331,34,'Th√†nh Ph·ªë T√¢n An'),(332,34,'Huy·ªán C·∫ßn Giu·ªôc'),(333,34,'Huy·ªán Ch√¢u Th√†nh'),(334,34,'Huy·ªán Th·ªß Th·ª´a'),(335,34,'Huy·ªán B·∫øn L·ª©c'),(336,34,'Huy·ªán Th·∫°nh Ho√°'),(337,34,'Huy·ªán C·∫ßn ƒê∆∞·ªõc'),(338,34,'Huy·ªán T√¢n Tr·ª•'),(339,34,'Huy·ªán ƒê·ª©c Ho√†'),(340,34,'Huy·ªán T√¢n H∆∞ng'),(341,34,'Huy·ªán Vƒ©nh H∆∞ng'),(342,34,'Huy·ªán T√¢n Th·∫°nh'),(343,34,'Huy·ªán ƒê·ª©c Hu·ªá'),(344,34,'Huy·ªán M·ªôc H√≥a'),(345,35,'Th√†nh Ph·ªë Nam ƒê·ªãnh'),(346,35,'Huy·ªán Xu√¢n Tr∆∞·ªùng'),(347,35,'Huy·ªán Giao Th·ªßy'),(348,35,'Huy·ªán H·∫£i H·∫≠u'),(349,35,'Huy·ªán Nghƒ©a H∆∞ng'),(350,35,'Huy·ªán Nam Tr·ª±c'),(351,35,'Huy·ªán Tr·ª±c Ninh'),(352,35,'Huy·ªán V·ª• B·∫£n'),(353,35,'Huy·ªán √ù Y√™n'),(354,35,'Huy·ªán M·ªπ L·ªôc'),(355,36,'Th√†nh Ph·ªë Vinh'),(356,36,'Th·ªã X√£ C·ª≠a L√≤'),(357,36,'Th·ªã X√£ Th√°i H√≤a'),(358,36,'Huy·ªán Anh S∆°n'),(359,36,'Huy·ªán Con Cu√¥ng'),(360,36,'Huy·ªán Di·ªÖn Ch√¢u'),(361,36,'Huy·ªán ƒê√¥ L∆∞∆°ng'),(362,36,'Huy·ªán H∆∞ng Nguy√™n'),(363,36,'Huy·ªán Qu·ª≥ Ch√¢u'),(364,36,'Huy·ªán K·ª≥ S∆°n'),(365,36,'Huy·ªán Nam ƒê√†n'),(366,36,'Huy·ªán Nghi L·ªôc'),(367,36,'Huy·ªán Nghƒ©a ƒê√†n'),(368,36,'Huy·ªán Qu·∫ø Phong'),(369,36,'Huy·ªán Qu·ª≥ H·ª£p'),(370,36,'Huy·ªán Qu·ª≥nh L∆∞u'),(371,36,'Huy·ªán T√¢n K·ª≥'),(372,36,'Huy·ªán T∆∞∆°ng D∆∞∆°ng'),(373,36,'Huy·ªán Th√†nh Ch∆∞∆°ng'),(374,36,'Huy·ªán Y√™n Th√†nh'),(375,37,'Th√†nh Ph·ªë Ninh B√¨nh'),(376,37,'Th·ªã X√£ Tam ƒêi·ªáp'),(377,37,'Huy·ªán Hoa L∆∞'),(378,37,'Huy·ªán Gia Vi·ªÖn'),(379,37,'Huy·ªán Nho Quan'),(380,37,'Huy·ªán Y√™n M√¥'),(381,37,'Huy·ªán Kim S∆°n'),(382,37,'Huy·ªán Y√™n Kh√°nh'),(383,38,'Th√†nh Ph·ªë Phan Rang'),(384,38,'Huy·ªán B√°c √Åi'),(385,38,'Huy·ªán Ninh H·∫£i'),(386,38,'Huy·ªán Ninh Ph∆∞·ªõc'),(387,38,'Huy·ªán Ninh S∆°n'),(388,38,'Huy·ªán Thu·∫≠n Nam'),(389,38,'Huy·ªán Thu·∫≠n B·∫Øc'),(390,39,'Th√†nh Ph·ªë Vi·ªát Tr√¨'),(391,39,'Th·ªã X√£ Ph√∫ Th·ªç'),(392,39,'Huy·ªán Ph√π Ninh'),(393,39,'Huy·ªán ƒêoan H√πng'),(394,39,'Huy·ªán Thanh Ba'),(395,39,'Huy·ªán H·∫° H√≤a'),(396,39,'Huy·ªán L√¢m Thao'),(397,39,'Huy·ªán C·∫©m Kh√™'),(398,39,'Huy·ªán Y√™n L·∫≠p'),(399,39,'Huy·ªán Tam N√¥ng'),(400,39,'Huy·ªán Thanh Th·ªßy'),(401,39,'Huy·ªán Thanh S∆°n'),(402,39,'Huy·ªán T√¢n S∆°n'),(403,40,'Th√†nh Ph·ªë ƒê·ªìng H·ªõi'),(404,40,'Huy·ªán Minh H√≥a'),(405,40,'Huy·ªán Tuy H√≥a'),(406,40,'Huy·ªán Qu·∫£ng Tr·∫°ch'),(407,40,'Huy·ªán B·ªë Tr·∫°ch'),(408,40,'Huy·ªán Qu·∫£ng Ninh'),(409,40,'Huy·ªán L·ªá Th·ªßy'),(410,41,'Th√†nh Ph·ªë Tam K·ª≥'),(411,41,'Th√†nh Ph·ªë H·ªôi An'),(412,41,'Huy·ªán ThƒÉng B√¨nh'),(413,41,'Huy·ªán Duy Xuy√™n'),(414,41,'Huy·ªán ƒêi·ªán B√†n'),(415,41,'Huy·ªán ƒê·∫°i L·ªôc'),(416,41,'Huy·ªán Qu·∫ø S∆°n'),(417,41,'Huy·ªán Hi·ªáp ƒê·ª©c'),(418,41,'Huy·ªán Ph∆∞·ªõc S∆°n'),(419,41,'Huy·ªán Ti√™n Ph∆∞·ªõc'),(420,41,'Huy·ªán B·∫Øc Tr√† My'),(421,41,'Huy·ªán Nam Tr√† My'),(422,41,'Huy·ªán Nam Giang'),(423,41,'Huy·ªán ƒê√¥ng Giang'),(424,41,'Huy·ªán T√¢y Giang'),(425,41,'Huy·ªán Ph√∫ Ninh'),(426,41,'Huy·ªán N√¥ng S∆°n'),(427,42,'Th√†nh Ph·ªë Qu·∫£ng Ng√£i'),(428,42,'Huy·ªán Ba T∆°'),(429,42,'Huy·ªán B√¨nh S∆°n'),(430,42,'Huy·ªán ƒê·ª©c Ph·ªï'),(431,42,'Huy·ªán Minh Long'),(432,42,'Huy·ªán M·ªô ƒê·ª©c'),(433,42,'Huy·ªán Nghƒ©a H√†nh'),(434,42,'Huy·ªán S∆°n H√†'),(435,42,'Huy·ªán S∆°n T√¢y'),(436,42,'Huy·ªán S∆°n T·ªãnh'),(437,42,'Huy·ªán T√¢y Tr√†'),(438,42,'Huy·ªán Tr√† B·ªìng'),(439,42,'Huy·ªán T∆∞ Nghƒ©a'),(440,42,'Huy·ªán L√Ω S∆°n'),(441,43,'Th√†nh Ph·ªë H·∫° Long'),(442,43,'Th√†nh Ph·ªë M√≥ng C√°i'),(443,43,'Th√†nh Ph·ªë C·∫©m Ph·∫£'),(444,43,'Th√†nh Ph·ªë U√¥ng B√≠'),(445,43,'Th·ªã X√£ Qu·∫£ng Y√™n'),(446,43,'Huy·ªán V√¢n ƒê·ªìn'),(447,43,'Huy·ªán Ho√†nh B·ªì'),(448,43,'Huy·ªán H·∫£i H√†'),(449,43,'Huy·ªán ƒê·∫ßm H√†'),(450,43,'Huy·ªán ƒê√¥ng Tri·ªÅu'),(451,43,'Huy·ªán Ti√™n Y√™n'),(452,43,'Huy·ªán B√¨nh Li√™u'),(453,43,'Huy·ªán Y√™n H∆∞ng'),(454,43,'Huy·ªán C√¥ T√¥'),(455,43,'Huy·ªán Ba Ch·∫Ω'),(456,44,'Th√†nh Ph·ªë ƒê√¥ng H√†'),(457,44,'Th·ªã X√£ Qu·∫£ng Tr·ªã'),(458,44,'Huy·ªán ƒêakr√¥ng'),(459,44,'Huy·ªán Cam L·ªô'),(460,44,'Huy·ªán Gio Linh'),(461,44,'Huy·ªán H·∫£i LƒÉng'),(462,44,'Huy·ªán H∆∞·ªõng Ho√°'),(463,44,'Huy·ªán Vƒ©nh Linh'),(464,44,'Huy·ªán Tri·ªáu Phong'),(465,44,'Huy·ªán C·ªìn C·ªè'),(466,45,'Th√†nh Ph·ªë S√≥c TrƒÉng'),(467,45,'Th·ªã X√£ Vƒ©nh Ch√¢u'),(468,45,'Huy·ªán Long Ph√∫'),(469,45,'Huy·ªán M·ªπ Xuy√™n'),(470,45,'Huy·ªán Th·∫°nh Tr·ªã'),(471,45,'Huy·ªán Ng√£ NƒÉm'),(472,45,'Huy·ªán M·ªπ T√∫'),(473,45,'Huy·ªán K·∫ø S√°ch'),(474,45,'Huy·ªán C√π Lao Dung'),(475,45,'Huy·ªán Tr·∫ßn ƒê·ªÅ'),(476,45,'Huy·ªán Ch√¢u Th√†nh'),(477,46,'Th√†nh Ph·ªë S∆°n La'),(478,46,'Huy·ªán Mai S∆°n'),(479,46,'Huy·ªán Y√™n Ch√¢u'),(480,46,'Huy·ªán M·ªôc Ch√¢u'),(481,46,'Huy·ªán M∆∞·ªùng La'),(482,46,'Huy·ªán Ph√π Y√™n'),(483,46,'Huy·ªán Qu·ª≥nh Nhai'),(484,46,'Huy·ªán S√¥ng M√£'),(485,46,'Huy·ªán S·ªëp C·ªôp'),(486,46,'Huy·ªán Thu·∫≠n Ch√¢u'),(487,46,'Huy·ªán B·∫Øc Y√™n'),(488,47,'Th·ªã X√£ T√¢y Ninh'),(489,47,'Huy·ªán H√≤a Th√†nh'),(490,47,'Huy·ªán G√≤ D·∫ßu'),(491,47,'Huy·ªán Tr·∫£ng B√†ng'),(492,47,'Huy·ªán B·∫øn C·∫ßu'),(493,47,'Huy·ªán Ch√¢u Th√†nh'),(494,47,'Huy·ªán T√¢n Bi√™n'),(495,47,'Huy·ªán D∆∞∆°ng Minh Ch√¢u'),(496,47,'Huy·ªán T√¢n Ch√¢u'),(497,48,'Th√†nh Ph·ªë Th√°i B√¨nh'),(498,48,'Huy·ªán V≈© Th∆∞'),(499,48,'Huy·ªán Ti·ªÅn H·∫£i'),(500,48,'Huy·ªán Ki·∫øn X∆∞∆°ng'),(501,48,'Huy·ªán Th√°i Th·ª•y'),(502,48,'Huy·ªán ƒê√¥ng H∆∞ng'),(503,48,'Huy·ªán Qu·ª≥nh Ph·ª•'),(504,48,'Huy·ªán H∆∞ng H√†'),(505,49,'Th√†nh Ph·ªë Th√°i Nguy√™n'),(506,49,'Th·ªã X√£ S√¥ng C√¥ng'),(507,49,'Huy·ªán ƒê·∫°i T·ª´'),(508,49,'Huy·ªán ƒê·ªãnh H√≥a'),(509,49,'Huy·ªán ƒê·ªìng H·ª∑'),(510,49,'Huy·ªán Ph·ªï Y√™n'),(511,49,'Huy·ªán Ph√∫ B√¨nh'),(512,49,'Huy·ªán Ph√∫ L∆∞∆°ng'),(513,49,'Huy·ªán V√µ Nhai'),(514,50,'Th√†nh Ph·ªë Thanh H√≥a'),(515,50,'Th·ªã X√£ B·ªâm S∆°n'),(516,50,'Th·ªã X√£ S·∫ßm S∆°n'),(517,50,'Huy·ªán B√° Th∆∞·ªõc'),(518,50,'Huy·ªán C·∫©m Th·ªßy'),(519,50,'Huy·ªán ƒê√¥ng S∆°n'),(520,50,'Huy·ªán H√† Trung'),(521,50,'Huy·ªán H·∫≠u L·ªôc'),(522,50,'Huy·ªán Ho·∫±ng H√≥a'),(523,50,'Huy·ªán Lang Ch√°nh'),(524,50,'Huy·ªán M∆∞·ªùng L√°t'),(525,50,'Huy·ªán Nga S∆°n'),(526,50,'Huy·ªán Ng·ªçc L·∫∑c'),(527,50,'Huy·ªán Nh∆∞ Thanh'),(528,50,'Huy·ªán Nh∆∞ Xu√¢n'),(529,50,'Huy·ªán N√¥ng C·ªëng'),(530,50,'Huy·ªán Quan H√≥a'),(531,50,'Huy·ªán Quan S∆°n'),(532,50,'Huy·ªán Qu·∫£ng X∆∞∆°ng'),(533,50,'Huy·ªán Th·∫°ch Th√†nh'),(534,50,'Huy·ªán Thi·ªáu H√≥a'),(535,50,'Huy·ªán Th·ªç Xu√¢n'),(536,50,'Huy·ªán Th∆∞·ªùng Xu√¢n'),(537,50,'Huy·ªán T·ªàNH Gia'),(538,50,'Huy·ªán Tri·ªáu S∆°n'),(539,50,'Huy·ªán Vƒ©nh L·ªôc'),(540,50,'Huy·ªán Y√™n ƒê·ªãnh'),(541,51,'Th√†nh Ph·ªë Hu·∫ø'),(542,51,'Th·ªã X√£ H∆∞∆°ng Th·ªßy'),(543,51,'Th·ªã X√£ H∆∞∆°ng Tr√†'),(544,51,'Huy·ªán Phong ƒêi·ªÅn'),(545,51,'Huy·ªán Qu·∫£ng ƒêi·ªÅn'),(546,51,'Huy·ªán Ph√∫ Vang'),(547,51,'Huy·ªán Ph√∫ L·ªôc'),(548,51,'Huy·ªán Nam ƒê√¥ng'),(549,51,'Huy·ªán A L∆∞·ªõi'),(550,52,'Th√†nh Ph·ªë M·ªπ Tho'),(551,52,'Th·ªã X√£ G√≤ C√¥ng'),(552,52,'Huy·ªán C√°i B√®'),(553,52,'Huy·ªán Cai L·∫≠y'),(554,52,'Huy·ªán Ch√¢u Th√†nh'),(555,52,'Huy·ªán Ch·ª£ G·∫°o'),(556,52,'Huy·ªán G√≤ C√¥ng T√¢y'),(557,52,'Huy·ªán G√≤ C√¥ng ƒê√¥ng'),(558,52,'Huy·ªán T√¢n Ph∆∞·ªõc'),(559,52,'Huy·ªán T√¢n Ph√∫ ƒê√¥ng'),(560,53,'Th√†nh Ph·ªë Tr√† Vinh'),(561,53,'Huy·ªán C√†ng Long'),(562,53,'Huy·ªán Ti·ªÉu C·∫ßn'),(563,53,'Huy·ªán C·∫ßu K√®'),(564,53,'Huy·ªán Tr√† C√∫'),(565,53,'Huy·ªán Ch√¢u Th√†nh'),(566,53,'Huy·ªán C·∫ßu Ngang'),(567,53,'Huy·ªán Duy√™n H·∫£i'),(568,54,'Th√†nh Ph·ªë Tuy√™n Quang'),(569,54,'Huy·ªán Na Hang'),(570,54,'Huy·ªán Chi√™m Ho√°'),(571,54,'Huy·ªán H√†m Y√™n'),(572,54,'Huy·ªán Y√™n S∆°n'),(573,54,'Huy·ªán S∆°n D∆∞∆°ng'),(574,54,'Huy·ªán L√¢m B√¨nh'),(575,55,'Th√†nh Ph·ªë Vƒ©nh Long'),(576,55,'Huy·ªán B√¨nh Minh'),(577,55,'Huy·ªán B√¨nh T√¢n'),(578,55,'Huy·ªán Tam B√¨nh'),(579,55,'Huy·ªán Long H·ªì'),(580,55,'Huy·ªán Mang Th√≠t'),(581,55,'Huy·ªán V≈©ng Li√™m'),(582,55,'Huy·ªán Tr√† √în'),(583,56,'Th√†nh Ph·ªë Vƒ©nh Y√™n'),(584,56,'Th·ªã X√£ Ph√∫c Y√™n'),(585,56,'Huy·ªán L·∫≠p Th·∫°ch'),(586,56,'Huy·ªán B√¨nh Xuy√™n'),(587,56,'Huy·ªán M√™ Linh'),(588,56,'Huy·ªán Vƒ©nh T∆∞·ªùng'),(589,56,'Huy·ªán Tam ƒê·∫£o'),(590,56,'Huy·ªán Y√™n L·∫°c'),(591,56,'Huy·ªán Tam D∆∞∆°ng'),(592,56,'Huy·ªán S√¥ng L√¥'),(593,57,'Th√†nh Ph·ªë Y√™n B√°i'),(594,57,'Th·ªã X√£ Nghƒ©a L·ªô'),(595,57,'Huy·ªán Y√™n B√¨nh'),(596,57,'Huy·ªán L·ª•c Y√™n'),(597,57,'Huy·ªán Tr·∫•n Y√™n'),(598,57,'Huy·ªán VƒÉn Y√™n'),(599,57,'Huy·ªán VƒÉn Ch·∫•n'),(600,57,'Huy·ªán Tr·∫°m T·∫•u'),(601,57,'Huy·ªán M√π Cang Ch·∫£i'),(602,58,'Th√†nh Ph·ªë Tuy H√≤a'),(603,58,'Th·ªã X√£ S√¥ng C·∫ßu'),(604,58,'Huy·ªán ƒê√¥ng H√≤a'),(605,58,'Huy·ªán T√¢y H√≤a'),(606,58,'Huy·ªán Tuy An'),(607,58,'Huy·ªán S√¥ng C·∫ßu'),(608,58,'Huy·ªán ƒê·ªìng Xu√¢n'),(609,58,'Huy·ªán S∆°n Ho√†'),(610,58,'Huy·ªán S√¥ng Hinh'),(611,58,'Huy·ªán Ph√∫ Ho√†'),(612,59,'Qu·∫≠n Ninh Ki·ªÅu'),(613,59,'Qu·∫≠n C√°i RƒÉng'),(614,59,'Qu·∫≠n B√¨nh Th·ªßy'),(615,59,'Qu·∫≠n √î M√¥n'),(616,59,'Qu·∫≠n Th·ªët N·ªët'),(617,59,'Huy·ªán C·ªù ƒê·ªè'),(618,59,'Huy·ªán Phong ƒêi·ªÅn'),(619,59,'Huy·ªán Vƒ©nh Th·∫°nh'),(620,59,'Huy·ªán Th·ªõi Lai'),(621,60,'Th√†nh Ph·ªë ƒê√† N·∫µng'),(622,60,'Qu·∫≠n H·∫£i Ch√¢u'),(623,60,'Qu·∫≠n Thanh Kh√™'),(624,60,'Qu·∫≠n S∆°n Tr√†'),(625,60,'Qu·∫≠n Ng≈© H√†nh S∆°n'),(626,60,'Qu·∫≠n Li√™n Chi·ªÉu'),(627,60,'Qu·∫≠n C·∫©m L·ªá'),(628,60,'Huy·ªán H√≤a Vang'),(629,60,'Huy·ªán Ho√†ng Sa'),(630,61,'Qu·∫≠n D∆∞∆°ng Kinh'),(631,61,'Qu·∫≠n ƒê·ªì S∆°n'),(632,61,'Qu·∫≠n H·∫£i An'),(633,61,'Qu·∫≠n Ki·∫øn An'),(634,61,'Qu·∫≠n H·ªìng B√†ng'),(635,61,'Qu·∫≠n Ng√¥ Quy·ªÅn'),(636,61,'Qu·∫≠n L√™ Ch√¢n'),(637,61,'Huy·ªán An D∆∞∆°ng'),(638,61,'Huy·ªán An L√£o'),(639,61,'Huy·ªán B·∫°ch Long Vƒ©'),(640,61,'Huy·ªán C√°t H·∫£i'),(641,61,'Huy·ªán Ki·∫øn Th·ª•y'),(642,61,'Huy·ªán Ti√™n L√£ng'),(643,61,'Huy·ªán Vƒ©nh B·∫£o'),(644,61,'Huy·ªán Th·ªßy Nguy√™n'),(645,62,'Qu·∫≠n Ba ƒê√¨nh'),(646,62,'Qu·∫≠n Ho√†n Ki·∫øm'),(647,62,'Qu·∫≠n T√¢y H·ªì'),(648,62,'Qu·∫≠n Long Bi√™n'),(649,62,'Qu·∫≠n C·∫ßu Gi·∫•y'),(650,62,'Qu·∫≠n ƒê·ªëng ƒêa'),(651,62,'Qu·∫≠n Hai B√† Tr∆∞ng'),(652,62,'Qu·∫≠n Ho√†ng Mai'),(653,62,'Qu·∫≠n Thanh Xu√¢n'),(654,62,'Qu·∫≠n H√† ƒê√¥ng'),(655,62,'Th√†nh Ph·ªë S∆°n T√¢y'),(656,62,'Huy·ªán Ba V√¨'),(657,62,'Huy·ªán Ch∆∞∆°ng M·ªπ'),(658,62,'Huy·ªán ƒêan Ph∆∞·ª£ng'),(659,62,'Huy·ªán ƒê√¥ng Anh'),(660,62,'Huy·ªán Gia L√¢m'),(661,62,'Huy·ªán Ho√†i ƒê·ª©c'),(662,62,'Huy·ªán M√™ Linh'),(663,62,'Huy·ªán M·ªπ ƒê·ª©c'),(664,62,'Huy·ªán Ph√∫ Xuy√™n'),(665,62,'Huy·ªán Ph√∫c Th·ªç'),(666,62,'Huy·ªán Qu·ªëc Oai'),(667,62,'Huy·ªán S√≥c S∆°n'),(668,62,'Huy·ªán Th·∫°ch Th·∫•t'),(669,62,'Huy·ªán Thanh Oai'),(670,62,'Huy·ªán Thanh Tr√¨'),(671,62,'Huy·ªán Th∆∞·ªùng T√≠n'),(672,62,'Huy·ªán T·ª´ Li√™m'),(673,62,'Huy·ªán ·ª®ng H√≤a'),(674,63,'Qu·∫≠n 1'),(675,63,'Qu·∫≠n 2'),(676,63,'Qu·∫≠n 3'),(677,63,'Qu·∫≠n 4'),(678,63,'Qu·∫≠n 5'),(679,63,'Qu·∫≠n 6'),(680,63,'Qu·∫≠n 7'),(681,63,'Qu·∫≠n 8'),(682,63,'Qu·∫≠n 9'),(683,63,'Qu·∫≠n 10'),(684,63,'Qu·∫≠n 11'),(685,63,'Qu·∫≠n 12'),(686,63,'Qu·∫≠n B√¨nh T√¢n'),(687,63,'Qu·∫≠n B√¨nh Th·∫°nh'),(688,63,'Qu·∫≠n G√≤ V·∫•p'),(689,63,'Qu·∫≠n Ph√∫ Nhu·∫≠n'),(690,63,'Qu·∫≠n T√¢n B√¨nh'),(691,63,'Qu·∫≠n T√¢n Ph√∫'),(692,63,'Qu·∫≠n Th·ªß ƒê·ª©c'),(693,63,'Huy·ªán B√¨nh Ch√°nh'),(694,63,'Huy·ªán C·∫ßn Gi·ªù'),(695,63,'Huy·ªán C·ªß Chi'),(696,63,'Huy·ªán H√≥c M√¥n'),(697,63,'Huy·ªán Nh√† B√®');
/*!40000 ALTER TABLE `huyen` ENABLE KEYS */;
UNLOCK TABLES;

--
-- Table structure for table `image`
--

DROP TABLE IF EXISTS `image`;
/*!40101 SET @saved_cs_client     = @@character_set_client */;
/*!40101 SET character_set_client = utf8 */;
CREATE TABLE `image` (
  `ID_IMG` int(11) NOT NULL AUTO_INCREMENT,
  `NAME_IMG` varchar(100) COLLATE utf8_unicode_ci DEFAULT NULL,
  `MOTA` varchar(200) COLLATE utf8_unicode_ci DEFAULT NULL,
  PRIMARY KEY (`ID_IMG`)
) ENGINE=InnoDB AUTO_INCREMENT=22 DEFAULT CHARSET=utf8 COLLATE=utf8_unicode_ci;
/*!40101 SET character_set_client = @saved_cs_client */;

--
-- Dumping data for table `image`
--

LOCK TABLES `image` WRITE;
/*!40000 ALTER TABLE `image` DISABLE KEYS */;
INSERT INTO `image` VALUES (1,'images/matdinh.jpg','h√¨nh m·∫∑t ƒë·ªãnh'),(2,'images/tintuc/13600195_1208599452525302_3120510661664070946_n.jpg',NULL),(3,'images/tintuc/13606975_1208599405858640_5970003566829442080_n.jpg',NULL),(4,'images/tintuc/Screenshot (1).png',NULL),(5,'images/tintuc/Screenshot (1).png',NULL),(6,'images/tintuc/13600195_1208599452525302_3120510661664070946_n.jpg',NULL),(7,'images/tintuc/7.jpg',NULL),(8,'images/molop/7.jpg',NULL),(9,'images/molop/8.jpg',NULL),(10,'images/tintuc/1479810941-14798107598882-thumbnail.jpg',NULL),(11,'images/tintuc/1477276885-147727594535995-anh-dai-dien.jpg',NULL),(12,'images/avatar/3.jpg',NULL),(13,'images/molop/1-b1-a1-2690-1456828693.jpg',NULL),(14,'images/molop/1-b1-a1-2690-1456828693.jpg',NULL),(15,'0',NULL),(16,'0',NULL),(17,'$dir2 / $img_name',NULL),(18,'images/molop/17191265_593595904183154_6446638796020354562_n.png',NULL),(19,'images/molop/17191265_593595904183154_6446638796020354562_n.png',NULL),(20,'images/molop/17191265_593595904183154_6446638796020354562_n.png',NULL),(21,'images/molop/17191265_593595904183154_6446638796020354562_n.png',NULL);
/*!40000 ALTER TABLE `image` ENABLE KEYS */;
UNLOCK TABLES;

--
-- Table structure for table `khoinganh`
--

DROP TABLE IF EXISTS `khoinganh`;
/*!40101 SET @saved_cs_client     = @@character_set_client */;
/*!40101 SET character_set_client = utf8 */;
CREATE TABLE `khoinganh` (
  `ID_KHOINGANH` varchar(5) COLLATE utf8_unicode_ci NOT NULL,
  `TEN_KHOINGANH` varchar(300) COLLATE utf8_unicode_ci DEFAULT NULL,
  PRIMARY KEY (`ID_KHOINGANH`)
) ENGINE=InnoDB DEFAULT CHARSET=utf8 COLLATE=utf8_unicode_ci;
/*!40101 SET character_set_client = @saved_cs_client */;

--
-- Dumping data for table `khoinganh`
--

LOCK TABLES `khoinganh` WRITE;
/*!40000 ALTER TABLE `khoinganh` DISABLE KEYS */;
INSERT INTO `khoinganh` VALUES ('CNTT','C√¥ng Ngh·ªá Th√¥ng Tin'),('KHMT','Khoa H·ªçc M√°y T√≠nh');
/*!40000 ALTER TABLE `khoinganh` ENABLE KEYS */;
UNLOCK TABLES;

--
-- Table structure for table `lop`
--

DROP TABLE IF EXISTS `lop`;
/*!40101 SET @saved_cs_client     = @@character_set_client */;
/*!40101 SET character_set_client = utf8 */;
CREATE TABLE `lop` (
  `ID_LOP` varchar(5) COLLATE utf8_unicode_ci NOT NULL,
  `TEN_LOP` varchar(30) COLLATE utf8_unicode_ci DEFAULT NULL,
  PRIMARY KEY (`ID_LOP`)
) ENGINE=InnoDB DEFAULT CHARSET=utf8 COLLATE=utf8_unicode_ci;
/*!40101 SET character_set_client = @saved_cs_client */;

--
-- Dumping data for table `lop`
--

LOCK TABLES `lop` WRITE;
/*!40000 ALTER TABLE `lop` DISABLE KEYS */;
INSERT INTO `lop` VALUES ('CH','Cao H·ªçc'),('ƒêH','ƒê·∫°i H·ªçc'),('L1','L·ªõp 1'),('L10','L·ªõp 10'),('L11','L·ªõp 11'),('L12','L·ªõp 12'),('L2','L·ªõp 2'),('L3','L·ªõp 3'),('L4','L·ªõp 4'),('L5','L·ªõp 5'),('L6','L·ªõp 6'),('L7','L·ªõp 7'),('L8','L·ªõp 8'),('L9','L·ªõp 9'),('LV','H∆∞·ªõng d·∫´n lu·∫≠n vƒÉn t·ªët nghi·ªáp');
/*!40000 ALTER TABLE `lop` ENABLE KEYS */;
UNLOCK TABLES;

--
-- Table structure for table `monhoc`
--

DROP TABLE IF EXISTS `monhoc`;
/*!40101 SET @saved_cs_client     = @@character_set_client */;
/*!40101 SET character_set_client = utf8 */;
CREATE TABLE `monhoc` (
  `ID_MONHOC` varchar(5) COLLATE utf8_unicode_ci NOT NULL,
  `ID_LOP` varchar(5) COLLATE utf8_unicode_ci DEFAULT NULL,
  `TEN_MONHOC` varchar(30) COLLATE utf8_unicode_ci DEFAULT NULL,
  PRIMARY KEY (`ID_MONHOC`),
  KEY `FK_REFERENCE_23` (`ID_LOP`),
  CONSTRAINT `FK_REFERENCE_23` FOREIGN KEY (`ID_LOP`) REFERENCES `lop` (`ID_LOP`)
) ENGINE=InnoDB DEFAULT CHARSET=utf8 COLLATE=utf8_unicode_ci;
/*!40101 SET character_set_client = @saved_cs_client */;

--
-- Dumping data for table `monhoc`
--

LOCK TABLES `monhoc` WRITE;
/*!40000 ALTER TABLE `monhoc` DISABLE KEYS */;
INSERT INTO `monhoc` VALUES ('AVCB1','ƒêH','Anh VƒÉn CƒÉn B·∫£n 1'),('AVCB2','ƒêH','Anh VƒÉn CƒÉn B·∫£n 2'),('DL10','L10','ƒê·ªãa L√Ω'),('DL11','L11','ƒê·ªãa L√Ω'),('DL12','L12','ƒê·ªãa L√Ω'),('DL4','L4','ƒê·ªãa L√Ω'),('DL5','L5','ƒê·ªãa L√Ω'),('DL6','L6','ƒê·ªãa L√Ω'),('DL7','L7','ƒê·ªãa L√Ω'),('DL8','L8','ƒê·ªãa L√Ω'),('DL9','L9','ƒê·ªãa L√Ω'),('HH10','L10','H√≥a H·ªçc'),('HH11','L11','H√≥a H·ªçc'),('HH12','L12','H√≥a H·ªçc'),('HH8','L8','H√≥a H·ªçc'),('HH9','L9','H√≥a H·ªçc'),('KH4','L4','Khoa H·ªçc'),('KH5','L5','Khoa H·ªçc'),('L4','L4','Ti·∫øng Vi·ªát'),('LS10','L10','L·ªãch S·ª≠'),('LS11','L11','L·ªãch S·ª≠'),('LS12','L12','L·ªãch S·ª≠'),('LS4','L4','L·ªãch S·ª≠'),('LS5','L5','L·ªãch S·ª≠'),('LS6','L6','L·ªãch S·ª≠'),('LS7','L7','L·ªãch S·ª≠'),('LS8','L8','L·ªãch S·ª≠'),('LS9','L9','L·ªãch S·ª≠'),('NV10','L10','Ng·ªØ VƒÉn'),('NV11','L11','Ng·ªØ VƒÉn'),('NV12','L12','Ng·ªØ VƒÉn'),('NV6','L6','Ng·ªØ VƒÉn'),('NV7','L7','Ng·ªØ VƒÉn'),('NV8','L8','Ng·ªØ VƒÉn'),('NV9','L9','Ng·ªØ VƒÉn'),('SH10','L10','Sinh H·ªçc'),('SH11','L11','Sinh H·ªçc'),('SH12','L12','Sinh H·ªçc'),('SH6','L6','Sinh H·ªçc'),('SH7','L7','Sinh H·ªçc'),('SH8','L8','Sinh H·ªçc'),('SH9','L9','Sinh H·ªçc'),('T1','L1','To√°n'),('T10','L10','To√°n'),('T11','L11','To√°n'),('T12','L12','To√°n'),('T2','L2','To√°n'),('T3','L3','To√°n'),('T4','L4','To√°n'),('T5','L5','To√°n'),('T6','L6','To√°n'),('T7','L7','To√°n'),('T8','L8','To√°n'),('T9','L9','To√°n'),('TA10','L10','Ti·∫øng Anh'),('TA11','L11','Ti·∫øng Anh'),('TA12','L12','Ti·∫øng Anh'),('TA4','L4','Ti·∫øng Anh'),('TA5','L5','Ti·∫øng Anh'),('TA6','L6','Ti·∫øng Anh'),('TA7','L7','Ti·∫øng Anh'),('TA8','L8','Ti·∫øng Anh'),('TA9','L9','Ti·∫øng Anh'),('TH10','L10','Tin H·ªçc'),('TH11','L11','Tin H·ªçc'),('TH12','L12','Tin H·ªçc'),('TH4','L4','Tin H·ªçc'),('TH5','L5','Tin H·ªçc'),('TH6','L6','Tin H·ªçc'),('TH7','L7','Tin H·ªçc'),('TH8','L8','Tin H·ªçc'),('TH9','L9','Tin H·ªçc'),('THO10','L10','Ti·∫øng Hoa'),('THO11','L11','Ti·∫øng Hoa'),('THO12','L12','Ti·∫øng Hoa'),('THO6','L6','Ti·∫øng Hoa'),('THO7','L7','Ti·∫øng Hoa'),('THO8','L8','Ti·∫øng Hoa'),('THO9','L9','Ti·∫øng Hoa'),('TN10','L10','Ti·∫øng Nh·∫≠t'),('TN11','L11','Ti·∫øng Nh·∫≠t'),('TN12','L12','Ti·∫øng Nh·∫≠t'),('TN6','L6','Ti·∫øng Nh·∫≠t'),('TN7','L7','Ti·∫øng Nh·∫≠t'),('TN8','L8','Ti·∫øng Nh·∫≠t'),('TN9','L9','Ti·∫øng Nh·∫≠t'),('TNXH1','L1','T·ª± Nhi√™n- X√£ H·ªôi'),('TNXH2','L2','T·ª± Nhi√™n- X√£ H·ªôi'),('TNXH3','L3','T·ª± Nhi√™n- X√£ H·ªôi'),('TNXH4','L4','T·ª± Nhi√™n- X√£ H·ªôi'),('TNXH5','L5','T·ª± Nhi√™n- X√£ H·ªôi'),('TP10','L10','Ti·∫øng Ph√°p'),('TP11','L11','Ti·∫øng Ph√°p'),('TP12','L12','Ti·∫øng Ph√°p'),('TP6','L6','Ti·∫øng Ph√°p'),('TP7','L7','Ti·∫øng Ph√°p'),('TP8','L8','Ti·∫øng Ph√°p'),('TP9','L9','Ti·∫øng Ph√°p'),('TV1','L1','Ti·∫øng Vi·ªát'),('TV2','L2','Ti·∫øng Vi·ªát'),('TV3','L3','Ti·∫øng Vi·ªát'),('TV5','L5','Ti·∫øng Vi·ªát'),('VL10','L10','V·∫≠t L√Ω'),('VL11','L11','V·∫≠t L√Ω'),('VL12','L12','V·∫≠t L√Ω'),('VL6','L6','V·∫≠t L√Ω'),('VL7','L7','V·∫≠t L√Ω'),('VL8','L8','V·∫≠t L√Ω'),('VL9','L9','V·∫≠t L√Ω');
/*!40000 ALTER TABLE `monhoc` ENABLE KEYS */;
UNLOCK TABLES;

--
-- Table structure for table `tinh`
--

DROP TABLE IF EXISTS `tinh`;
/*!40101 SET @saved_cs_client     = @@character_set_client */;
/*!40101 SET character_set_client = utf8 */;
CREATE TABLE `tinh` (
  `ID_TINH` int(11) NOT NULL,
  `TEN_TINH` varchar(200) COLLATE utf8_unicode_ci DEFAULT NULL,
  PRIMARY KEY (`ID_TINH`)
) ENGINE=InnoDB DEFAULT CHARSET=utf8 COLLATE=utf8_unicode_ci;
/*!40101 SET character_set_client = @saved_cs_client */;

--
-- Dumping data for table `tinh`
--

LOCK TABLES `tinh` WRITE;
/*!40000 ALTER TABLE `tinh` DISABLE KEYS */;
INSERT INTO `tinh` VALUES (1,'An Giang'),(2,'B√† R·ªãa- V≈©ng T√†u'),(3,'B·∫Øc Giang'),(4,'B·∫Øc K·∫°n'),(5,'B·∫°c Li√™u'),(6,'B·∫Øc Ninh'),(7,'B·∫øn Tre'),(8,'B√¨nh ƒê·ªãnh'),(9,'B√¨nh D∆∞∆°ng'),(10,'B√¨nh Ph∆∞·ªõc'),(11,'B√¨nh Thu·∫≠n'),(12,'C√† Mau'),(13,'Cao B·∫±ng'),(14,'ƒê·∫Øk L·∫Øk'),(15,'ƒê·∫Øk N√¥ng'),(16,'ƒêi·ªán Bi√™n'),(17,'ƒê·ªìng Nai'),(18,'ƒê·ªìng Th√°p'),(19,'Gia Lai'),(20,'H√† Giang'),(21,'H√† Nam'),(22,'H√† Tƒ©nh'),(23,'H·∫£i D∆∞∆°ng'),(24,'H·∫≠u Giang'),(25,'H√≤a B√¨nh'),(26,'H∆∞∆°ng Y√™n'),(27,'Kh√°nh H√≤a'),(28,'Ki√™n Giang'),(29,'Kon Tum'),(30,'Lai Ch√¢u'),(31,'L√¢m ƒê·ªìng'),(32,'L·∫°ng S∆°n'),(33,'L√†o Cai'),(34,'Long An'),(35,'Nam ƒê·ªãnh'),(36,'Ngh·ªá An'),(37,'Ninh B√¨nh'),(38,'Ninh Thu·∫≠n'),(39,'Ph√∫ Th·ªç'),(40,'Qu·∫£ng B√¨nh'),(41,'Qu·∫£ng Nam'),(42,'Qu·∫£ng Ng√£i'),(43,'Qu·∫£ng Ninh'),(44,'Qu·∫£ng Tr·ªã'),(45,'S√≥c TrƒÉng'),(46,'S∆°n La'),(47,'T√¢y Ninh'),(48,'Th√°i B√¨nh'),(49,'Th√°i Nguy√™n'),(50,'Thanh H√≥a'),(51,'Th·ª´a Thi√™n Hu·∫ø'),(52,'Ti·ªÅn Giang'),(53,'Tr√† Vinh'),(54,'Tuy√™n Quang'),(55,'Vƒ©nh Long'),(56,'Vƒ©nh Ph√∫c'),(57,'Y√™n B√°i'),(58,'Ph√∫ Y√™n'),(59,'C·∫ßn Th∆°'),(60,'ƒê√† N·∫µng'),(61,'H·∫£i Ph√≤ng'),(62,'H√† N·ªôi'),(63,'TP HCM');
/*!40000 ALTER TABLE `tinh` ENABLE KEYS */;
UNLOCK TABLES;

--
-- Table structure for table `tintuc`
--

DROP TABLE IF EXISTS `tintuc`;
/*!40101 SET @saved_cs_client     = @@character_set_client */;
/*!40101 SET character_set_client = utf8 */;
CREATE TABLE `tintuc` (
  `ID_TT` int(11) NOT NULL AUTO_INCREMENT,
  `ID_IMG` int(11) DEFAULT NULL,
  `TIEUDE_TT` varchar(400) COLLATE utf8_unicode_ci DEFAULT NULL,
  `NOIDUNG_TT` longtext COLLATE utf8_unicode_ci,
  `GIOITHIEU` varchar(500) COLLATE utf8_unicode_ci DEFAULT NULL,
  PRIMARY KEY (`ID_TT`),
  KEY `FK_REFERENCE_27` (`ID_IMG`),
  CONSTRAINT `FK_REFERENCE_27` FOREIGN KEY (`ID_IMG`) REFERENCES `image` (`ID_IMG`)
) ENGINE=InnoDB AUTO_INCREMENT=9 DEFAULT CHARSET=utf8 COLLATE=utf8_unicode_ci;
/*!40101 SET character_set_client = @saved_cs_client */;

--
-- Dumping data for table `tintuc`
--

LOCK TABLES `tintuc` WRITE;
/*!40000 ALTER TABLE `tintuc` DISABLE KEYS */;
INSERT INTO `tintuc` VALUES (7,10,'Th·ª±c h∆∞ ph∆∞∆°ng ph√°p h·ªçc gi√∫p tr·∫ª th√†nh ‚Äúth·∫ßn ƒë·ªìng‚Äù','<p><img alt=\"\" src=\"/GiaSu/images/ttct/images/1479810941-147981063134050-phuong-phap.jpg\" /></p>\r\n\r\n<p>Th·ªùi gian g·∫ßn ƒë√¢y nhi·ªÅu ng∆∞·ªùi chia s·∫ª r·∫•t nh·ªØng h√¨nh ·∫£nh v·ªÅ m·ªôt l·ªõp h·ªçc c√≥ t√™n l√† &ldquo;K√≠ch b√°n c·∫ßu n√£o cho tr·∫ª em&rdquo;. K√®m theo nh·ªØng h√¨nh ·∫£nh v·ªÅ l·ªõp h·ªçc l√† n·ªôi dung qu·∫£ng c√°o v·ªÅ √Ω nghƒ©a c·ªßa l·ªõp h·ªçc n√†y s·∫Ω c√≥ th·ªÉ khi·∫øn cho c√°c em nh·ªè tr·ªü th√†nh si√™u nh√¢n, th·∫ßn ƒë·ªìng&hellip;.</p>\r\n\r\n<p>N·ªôi dung gi·ªõi thi·ªáu v·ªÅ l·ªõp h·ªçc n√†y cho th·∫•y, c√°c em h·ªçc sinh c√≤n nh·ªè tu·ªïi, th·∫≠m ch√≠ l√† c√≥ c·∫£ nh·ªØng ng∆∞·ªùi l·ªõn s·∫Ω ƒë∆∞·ª£c tham gia nh·ªØng kho√° ƒë√†o t·∫°o r·∫•t ƒë·∫∑c bi·ªát. V√≠ d·ª• nh∆∞, c√°c h·ªçc vi√™n s·∫Ω ph·∫£i b·ªãt m·∫Øt l·∫°i s·ªù v√†o m·ªôt ƒë·ªì v·∫≠t n√†o ƒë√≥ r·ªìi ƒëo√°n xem l√† m√†u g√¨. ..</p>\r\n\r\n<p><strong>B·ªô GD-ƒêT lo ng·∫°i l√†m h·∫°i tr·∫ª</strong></p>\r\n\r\n<p>Trao ƒë·ªïi v·ªõi ph√≥ng vi√™n v·ªÅ ph∆∞∆°ng ph√°p h·ªçc k√≠ch b√°n c·∫ßu n√£o cho tr·∫ª em, PGS.TS Nguy·ªÖn B√° Minh, V·ª• tr∆∞·ªüng V·ª•&nbsp;<a href=\"http://www.24h.com.vn/giao-duc-du-hoc-c216.html\">Gi√°o d·ª•c</a>&nbsp;M·∫ßm non, B·ªô Gi√°o d·ª•c v√† ƒê√†o t·∫°o b√†y t·ªè: &ldquo;Ch√∫ng t√¥i r·∫•t lo ng·∫°i v·ªõi ph∆∞∆°ng ph√°p &ldquo;k√≠ch b√°n c·∫ßu n√£o cho tr·∫ª&rdquo;. ƒê√¢y l√† ph∆∞∆°ng ph√°p ch∆∞a t·ª´ng ƒë∆∞·ª£c c√¥ng nh·∫≠n trong h·ªá th·ªëng gi√°o d·ª•c m·∫ßm non ·ªü Vi·ªát Nam&rdquo;.</p>\r\n\r\n<p>C≈©ng theo √¥ng Minh, ph∆∞∆°ng ph√°p &ldquo;k√≠ch b√°n c·∫ßu n√£o cho tr·∫ª&rdquo; di·ªÖn ra ·ªü m·ªôt s·ªë trung t√¢m ·ªü H√† N·ªôi v√† TP.HCM, n·∫±m ngo√†i nh√† tr∆∞·ªùng, kh√¥ng thu·ªôc th·∫©m quy·ªÅn qu·∫£n l√Ω c·ªßa B·ªô GD-ƒêT. Tuy nhi√™n, B·ªô GD-ƒêT s·∫Ω ƒë·ªÅ ngh·ªã c√°c ƒë·ªãa ph∆∞∆°ng v√†o cu·ªôc, r√† so√°t ƒë·ªÉ ch·∫•n ch·ªânh c√°c trung t√¢m n√†y.</p>\r\n\r\n<p>L√£nh ƒë·∫°o B·ªô GD-ƒêT cho bi·∫øt, n·∫øu cha m·∫π mu·ªën con th√†nh &ldquo;th·∫ßn ƒë·ªìng&rdquo; m√† √°p d·ª•ng ph∆∞∆°ng ph√°p ch∆∞a ƒë∆∞·ª£c th·∫©m ƒë·ªãnh l√† thi·∫øu hi·ªÉu bi·∫øt.</p>\r\n\r\n<p>Theo V·ª• tr∆∞·ªüng Gi√°o d·ª•c M·∫ßm non, n·∫øu cha m·∫π √©p con, c√≥ th·ªÉ sau n√†y l·ªõn l√™n, tr·∫ª s·∫Ω &ldquo;s·ªëng ·∫£o&rdquo; v·ªÅ nh·ªØng nƒÉng l·ª±c &ldquo;phi th∆∞·ªùng&rdquo;. C√°c em s·∫Ω tr·ªü th√†nh ng∆∞·ªùi kh√¥ng th·ª±c t·∫ø, lu√¥n √°m ·∫£nh v·ªÅ nh·ªØng nƒÉng l·ª±c si√™u nhi√™n. ƒêi·ªÅu n√†y l·∫°i l√†m h·∫°i c√°c em.</p>\r\n\r\n<p><img alt=\"\" src=\"/GiaSu/images/ttct/images/1479810941-147981067579408-ong-nguyen-ba-minh.jpg\" /></p>\r\n\r\n<p>ƒê·∫°i di·ªán B·ªô GD-ƒêT c≈©ng nh·∫•n m·∫°nh: &ldquo;B·ªô s·∫Ω l·∫•y √Ω ki·∫øn c·ªßa c√°c chuy√™n gia y t·∫ø sau tuy√™n truy·ªÅn ƒë·ªÉ m·ªçi ng∆∞·ªùi th·∫•y r·∫±ng, ph∆∞∆°ng ph√°p h·ªçc k√≠ch ho·∫°t n√£o cho tr·∫ªv√¥ c√πng nguy h·∫°i&rdquo;.</p>\r\n\r\n<p><strong>Thi·∫øu c∆° s·ªü khoa h·ªçc</strong></p>\r\n\r\n<p>Chia s·∫ª v·ªõi ph√≥ng vi√™n v·ªÅ ph∆∞∆°ng ph√°p h·ªçc &ldquo;K√≠ch b√°n c·∫ßu n√£o cho tr·∫ª em&rdquo;, b√°c sƒ© La ƒê·ª©c C∆∞∆°ng, Gi√°m ƒë·ªëc B·ªánh vi·ªán T√¢m th·∫ßn Trung ∆∞∆°ng c·∫£nh b√°o, ph·ª• huynh ƒë∆∞a con em m√¨nh tham gia c√°c l·ªõp hu·∫•n luy·ªán k√≠ch b√°n c·∫ßu l√† m·ªôt vi·ªác l√†m v√¥ c√πng sai l·∫ßm. Cho ƒë·∫øn nay ch∆∞a c√≥ b·∫±ng ch·ª©ng nghi√™n c·ª©u v·ªÅ t√≠nh hi·ªáu qu·∫£ c·ªßa n√≥ ƒë·∫øn s·ª± th√†nh c√¥ng hay nƒÉng l·ª±c v∆∞·ª£t tr·ªôi c·ªßa nh·ªØng ƒë·ª©a tr·∫ª ƒë∆∞·ª£c luy·ªán t·∫≠p ph∆∞∆°ng ph√°p n√†y trong t∆∞∆°ng lai.</p>\r\n\r\n<p>&ldquo;ƒê√¢y l√† ph∆∞∆°ng ph√°p thi·∫øu c∆° s·ªü khoa h·ªçc. N·∫øu cha m·∫π b·∫Øt con h·ªçc s·∫Ω g√¢y ra √°p l·ª±c cho tr·∫ª, suy nh∆∞·ª£c c∆° th·ªÉ v√† tr·∫ßm c·∫£m&rdquo;, b√°c sƒ© La ƒê·ª©c C∆∞∆°ng n√≥i.</p>\r\n\r\n<p>Theo b√°c sƒ© C∆∞∆°ng, b·ªô n√£o c·ªßa con ng∆∞·ªùi s·∫Ω ti·∫øp thu m·ªôt c√°ch t·ª´ t·ª´, ƒë√∫ng quy tr√¨nh t·ª´ ƒë√≥ m·ªõi gi√∫p tr·∫ª tr∆∞·ªüng th√†nh ƒë√∫ng quy lu·∫≠t. V√¨ th·∫ø, vi·ªác √¥ng b·ªë b√† m·∫π ƒë∆∞a con m√¨nh ƒë·∫øn c√°c l·ªõp t·∫≠p hu·∫•n ƒë·ªÉ l√†m ra nh∆∞ng vi·ªác &ldquo;h∆°n ng∆∞·ªùi&rdquo;, khi·∫øn b·ªô n√£o c·ªßa tr·∫ª ho·∫°t ƒë·ªông tr√°i quy lu·∫≠t t·ª± nhi√™n, n√£o b·ªô ho·∫°t ƒë·ªông sai nguy√™n t·∫Øc.&nbsp;</p>\r\n\r\n<p>&ldquo;Vi·ªác t·∫≠p hu·∫•n k√≠ch b√°n c·∫ßu n√£o s·∫Ω bi·∫øn nh·ªØng em nh·ªè tr·ªü th√†nh nh·ªØng con ng∆∞·ªùi l·∫≠p d·ªã, kh√¥ng ho√† nh·∫≠p v·ªõi c·ªông ƒë·ªìng khi t·∫•t c·∫£ c√°c em s·∫Ω lu√¥n suy nghƒ© r·∫±ng m√¨nh c√≥ kh·∫£ nƒÉng h∆°n ng∆∞·ªùi&hellip;&rdquo;, Gi√°m ƒë·ªëc B·ªánh vi·ªán T√¢m th·∫ßn Trung ∆∞∆°ng cho bi·∫øt th√™m.</p>\r\n\r\n<p>ƒê·ªìng quan ƒëi·ªÉm, PGS.TS. Nguy·ªÖn Ti·∫øn D≈©ng, Khoa Nhi, B·ªánh vi·ªán B·∫°ch Mai, ng∆∞·ªùi c√≥ h∆°n 30 nƒÉm nghi√™n c·ª©u v·ªÅ s·ª©c kh·ªèe tr·∫ª em c≈©ng cho bi·∫øt, n√£o b·ªô c·ªßa tr·∫ª ph√°t tri·ªÉn theo quy lu·∫≠t, qu√° tr√¨nh gi√°o d·ª•c ph√°t tri·ªÉn ph·∫£i theo m·ªôt quy tr√¨nh t·ª´ t·ª´, kh√¥ng ƒë∆∞·ª£c ƒë·ªët ch√°y giai ƒëo·∫°n.</p>\r\n\r\n<p>&ldquo;ƒê·ªëi v·ªõi nh·ªØng tr·∫ª ch·∫≠m ph√°t tri·ªÉn v·ªÅ n√£o b·ªô hay tr·∫ª ph√°t tri·ªÉn to√†n di·ªán th√¨ cha m·∫π, gi√°o vi√™n ph·∫£i c√≥ ph∆∞∆°ng ph√°p d·∫°y cho ph√π h·ª£p (d·ª±a theo ƒë·∫∑c ƒëi·ªÉm kh√≠ ch·∫•t, nh√¢n c√°ch t·ª´ng ng∆∞·ªùi)&rdquo; , PGS.TS. Nguy·ªÖn Ti·∫øn D≈©ng chia s·∫ª.</p>\r\n\r\n<p>PGS.TS. Nguy·ªÖn Ti·∫øn D≈©ng khuy·∫øn c√°o, t√πy nƒÉng l·ª±c v√† thi√™n h∆∞·ªõng c·ªßa tr·∫ª, cha m·∫π n√™n t·∫°o ƒëi·ªÅu ki·ªán cho con ƒë∆∞·ª£c ti·∫øp c·∫≠n v·ªõi c√†ng nhi·ªÅu ho·∫°t ƒë·ªông tr·∫£i nghi·ªám v·ªÅ ng√¥n ng·ªØ, ngo·∫°i ng·ªØ, √¢m nh·∫°c, h·ªôi h·ªça (m√†u s·∫Øc) c√†ng t·ªët nh∆∞ng ph·∫£i t·ª´ t·ª´, tuy·ªát ƒë·ªëi kh√¥ng ƒë·ªët ch√°y giai ƒëo·∫°n.</p>\r\n','ƒê·∫°i di·ªán B·ªô GD-ƒêT nh·∫•n m·∫°nh: ‚ÄúB·ªô s·∫Ω l·∫•y √Ω ki·∫øn c·ªßa c√°c chuy√™n gia y t·∫ø sau tuy√™n truy·ªÅn ƒë·ªÉ m·ªçi ng∆∞·ªùi th·∫•y r·∫±ng, vi·ªác k√≠ch ho·∫°t n√£o cho tr·∫ª s·∫Ω v√¥ c√πng nguy h·∫°i‚Äù.'),(8,11,'Th·∫ßn ƒë·ªìng bi·∫øt ƒë·ªçc t·ª´ 18 th√°ng tu·ªïi gi√†nh ƒëi·ªÉm ‚Äúkh·ªßng‚Äù Olympia','<p>Nh∆∞ ƒë√£ ƒë∆∞a tin, Phan ƒêƒÉng Nh·∫≠t Minh (h·ªçc sinh l·ªõp 11 tr∆∞·ªùng THPT H·∫£i LƒÉng, Qu·∫£ng Tr·ªã) &ndash; ng∆∞·ªùi ƒë∆∞·ª£c m·ªánh danh l√† &ldquo;c·∫≠u b√© google&rdquo; s·∫Ω g√≥p m·∫∑t trong ƒëo√†n leo n√∫i Olympia m√πa th·ª© 17.</p>\r\n\r\n<p><img alt=\"\" src=\"/GiaSu/images/ttct/images/1477276885-147727571519783-anh-1.jpg\" style=\"height:288px; width:500px\" /></p>\r\n\r\n<p>Tr∆∞a ng√†y 23/10, cu·ªôc thi tu·∫ßn c·ªßa Nh·∫≠t Minh ch√≠nh th·ª©c l√™n s√≥ng. Kh√°n gi·∫£ &ldquo;ƒê∆∞·ªùng l√™n ƒë·ªânh Olympia&rdquo; ƒë√£ ƒë∆∞·ª£c theo d√µi cu·ªôc ƒëua gay c·∫•n c·ªßa b·ªën nh√† leo n√∫i t√†i ba, trong ƒë√≥, th·∫ßn ƒë·ªìng bi·∫øt ƒë·ªçc, bi·∫øt t√≠nh t·ª´ 18 th√°ng tu·ªïi &ndash; Nh·∫≠t Minh gi√†nh chi·∫øn th·∫Øng √°p ƒë·∫£o.</p>\r\n\r\n<p>S·ªë ƒëi·ªÉm Nh·∫≠t Minh gi√†nh ƒë∆∞·ª£c sau b·ªën v√≤ng thi l√† 400 ƒëi·ªÉm &ndash; n·∫±m trong danh s√°ch nh·ªØng ƒëi·ªÉm s·ªë cao nh·∫•t &ldquo;ƒê∆∞·ªùng l√™n ƒë·ªânh Olympia&rdquo; su·ªët 17 nƒÉm qua. Kh√¥ng ch·ªâ rinh v·ªÅ s·ªë ƒëi·ªÉm &ldquo;kh·ªßng&rdquo;, Nh·∫≠t Minh c√≤n khi·∫øn kh√°n gi·∫£ &ldquo;ƒë√£ m·∫Øt&rdquo; v·ªõi l·ªëi ch∆°i nhanh nh·∫°y, ch·∫Øc ch·∫Øn.</p>\r\n\r\n<p><img alt=\"\" src=\"/GiaSu/images/ttct/images/1477276886-147727574485171-anh-3.jpg\" style=\"height:273px; width:500px\" /></p>\r\n\r\n<p>·ªû ph·∫ßn thi Kh·ªüi ƒë·ªông, Nh·∫≠t Minh tr·∫£ l·ªùi ƒë√∫ng 10/12 c√¢u h·ªèi, gi√†nh 100 ƒëi·ªÉm tr√≤n trƒ©nh. Trong ph·∫ßn thi V∆∞·ª£t ch∆∞·ªõng ng·∫°i v·∫≠t, &ldquo;c·∫≠u b√© google&rdquo; tr·∫£ l·ªùi ƒë√∫ng t·ª´ kh√≥a sau hai h√†ng ngang l·∫≠t m·ªü, n√¢ng s·ªë ƒëi·ªÉm c·ªßa m√¨nh l√™n 170 ƒëi·ªÉm. Ph·∫ßn thi TƒÉng t·ªëc, Nh·∫≠t Minh ti·∫øp t·ª•c d·∫´n ƒë·∫ßu ƒëo√†n ƒëua v·ªõi 280 ƒëi·ªÉm.</p>\r\n\r\n<p>S·ªü h·ªØu s·ªë ƒëi·ªÉm c√°ch bi·ªát v·ªõi ba b·∫°n ch∆°i nh∆∞ng trong ph·∫ßn thi V·ªÅ ƒë√≠ch, Nh·∫≠t Minh v·∫´n ch·ªçn g√≥i c√¢u h·ªèi 80 ƒëi·ªÉm. V·ªõi vi·ªác tr·∫£ l·ªùi ƒë√∫ng c√¢u h·ªèi ng√¥i sao hy v·ªçng, anh ƒë√£ n√¢ng s·ªë ƒëi·ªÉm c·ªßa m√¨nh l√™n 370 ƒëi·ªÉm. S·ªë ƒëi·ªÉm chung cu·ªôc Nh·∫≠t Minh c√≥ ƒë∆∞·ª£c l√† 400 ƒëi·ªÉm nh·ªù tr·∫£ l·ªùi ƒë√∫ng c√¢u h·ªèi v·ªÅ ƒë√≠ch c·ªßa c√°c th√≠ sinh kh√°c.</p>\r\n\r\n<p><img alt=\"\" src=\"/GiaSu/images/ttct/images/1477276886-14772757676704-anh-2.jpg\" style=\"height:281px; width:500px\" /></p>\r\n\r\n<p>ƒê√∫ng nh∆∞ nh·ªØng g√¨ kh√°n gi·∫£ d·ª± ƒëo√°n, Phan ƒêƒÉng Nh·∫≠t Minh ƒë√£ &ldquo;khuynh ƒë·∫£o&rdquo; cu·ªôc ƒëua Olympia v·ªõi s·ªë ƒëi·ªÉm cao ng·∫•t. Tr√™n Fanpage ch√≠nh th·ª©c c·ªßa &ldquo;ƒê∆∞·ªùng l√™n ƒë·ªânh Olympia&rdquo;, d√¢n m·∫°ng d√†nh nhi·ªÅu l·ªùi khen ng·ª£i &ldquo;c√≥ c√°nh&rdquo; cho ch√†ng trai 17 tu·ªïi.</p>\r\n\r\n<p>&ldquo;<em>Xu·∫•t s·∫Øc qu√°. B·∫°n n√†y qu√° nhanh, qu√° nguy hi·ªÉm. May m√† kh√¥ng c√≥ g√≥i 100 ƒëi·ªÉm, kh√¥ng th√¨ b·∫°n ·∫•y h·ªët h·∫øt ƒëi·ªÉm c·ªßa ch∆∞∆°ng tr√¨nh m·∫•t th√¥i</em>&rdquo;, m·ªôt nick name h√†i h∆∞·ªõc.</p>\r\n\r\n<p>&ldquo;<em>Th·ª±c ch·∫•t, m·∫•y b·∫°n h√¥m nay ƒë·ªÅu r·∫•t gi·ªèi, ƒëen m·ªôt n·ªói l√† ph·∫£i thi chung v·ªõi Nh·∫≠t Minh&hellip;</em>&rdquo;, m·ªôt nick name kh√°c t·ªè ra nu·ªëi ti·∫øc.</p>\r\n\r\n<p>ƒê√∫ng nh∆∞ nh·ªØng g√¨ kh√°n gi·∫£ d·ª± ƒëo√°n, Phan ƒêƒÉng Nh·∫≠t Minh ƒë√£ &ldquo;khuynh ƒë·∫£o&rdquo; cu·ªôc ƒëua Olympia v·ªõi s·ªë ƒëi·ªÉm cao ng·∫•t. Tr√™n Fanpage ch√≠nh th·ª©c c·ªßa &ldquo;ƒê∆∞·ªùng l√™n ƒë·ªânh Olympia&rdquo;, d√¢n m·∫°ng d√†nh nhi·ªÅu l·ªùi khen ng·ª£i &ldquo;c√≥ c√°nh&rdquo; cho ch√†ng trai 17 tu·ªïi.</p>\r\n\r\n<p>&ldquo;<em>Xu·∫•t s·∫Øc qu√°. B·∫°n n√†y qu√° nhanh, qu√° nguy hi·ªÉm. May m√† kh√¥ng c√≥ g√≥i 100 ƒëi·ªÉm, kh√¥ng th√¨ b·∫°n ·∫•y h·ªët h·∫øt ƒëi·ªÉm c·ªßa ch∆∞∆°ng tr√¨nh m·∫•t th√¥i</em>&rdquo;, m·ªôt nick name h√†i h∆∞·ªõc.</p>\r\n\r\n<p>&ldquo;<em>Th·ª±c ch·∫•t, m·∫•y b·∫°n h√¥m nay ƒë·ªÅu r·∫•t gi·ªèi, ƒëen m·ªôt n·ªói l√† ph·∫£i thi chung v·ªõi Nh·∫≠t Minh&hellip;</em>&rdquo;, m·ªôt nick name kh√°c t·ªè ra nu·ªëi ti·∫øc.</p>\r\n','Ch√†ng trai ƒë∆∞·ª£c m·ªánh danh l√† ‚Äúc·∫≠u b√© google‚Äù gi√†nh chi·∫øn th·∫Øng √°p ·∫£o trong cu·ªôc thi tu·∫ßn c·ªßa Olympia 2017.');
/*!40000 ALTER TABLE `tintuc` ENABLE KEYS */;
UNLOCK TABLES;

--
-- Table structure for table `trinhdo`
--

DROP TABLE IF EXISTS `trinhdo`;
/*!40101 SET @saved_cs_client     = @@character_set_client */;
/*!40101 SET character_set_client = utf8 */;
CREATE TABLE `trinhdo` (
  `ID_TRINHDO` varchar(5) COLLATE utf8_unicode_ci NOT NULL,
  `TEN_TRINHDO` varchar(50) COLLATE utf8_unicode_ci DEFAULT NULL,
  PRIMARY KEY (`ID_TRINHDO`)
) ENGINE=InnoDB DEFAULT CHARSET=utf8 COLLATE=utf8_unicode_ci;
/*!40101 SET character_set_client = @saved_cs_client */;

--
-- Dumping data for table `trinhdo`
--

LOCK TABLES `trinhdo` WRITE;
/*!40000 ALTER TABLE `trinhdo` DISABLE KEYS */;
INSERT INTO `trinhdo` VALUES ('cd','Cao ƒê·∫≥ng'),('ch','Cao H·ªçc'),('dh','ƒê·∫°i H·ªçc'),('tc','Trung C·∫•p'),('ths','Th·∫°c Sƒ©'),('ts','Ti·∫øn Sƒ©');
/*!40000 ALTER TABLE `trinhdo` ENABLE KEYS */;
UNLOCK TABLES;

--
-- Dumping events for database 'giasu'
--

--
-- Dumping routines for database 'giasu'
--
/*!50003 DROP PROCEDURE IF EXISTS `insert_giasu` */;
/*!50003 SET @saved_cs_client      = @@character_set_client */ ;
/*!50003 SET @saved_cs_results     = @@character_set_results */ ;
/*!50003 SET @saved_col_connection = @@collation_connection */ ;
/*!50003 SET character_set_client  = utf8 */ ;
/*!50003 SET character_set_results = utf8 */ ;
/*!50003 SET collation_connection  = utf8_general_ci */ ;
/*!50003 SET @saved_sql_mode       = @@sql_mode */ ;
/*!50003 SET sql_mode              = 'STRICT_TRANS_TABLES,NO_AUTO_CREATE_USER,NO_ENGINE_SUBSTITUTION' */ ;
DELIMITER ;;
CREATE DEFINER=`root`@`localhost` PROCEDURE `insert_giasu`(IN ten varchar(100),IN email varchar(50),IN pass varchar(50),IN aes_key varchar(100))
BEGIN
    Insert into giasu(TEN_GS,EMAIL_GS,MATKHAU_GS) value(ten,email,aes_encrypt(pass,aes_key));
END ;;
DELIMITER ;
/*!50003 SET sql_mode              = @saved_sql_mode */ ;
/*!50003 SET character_set_client  = @saved_cs_client */ ;
/*!50003 SET character_set_results = @saved_cs_results */ ;
/*!50003 SET collation_connection  = @saved_col_connection */ ;
/*!50003 DROP PROCEDURE IF EXISTS `login_giasu` */;
/*!50003 SET @saved_cs_client      = @@character_set_client */ ;
/*!50003 SET @saved_cs_results     = @@character_set_results */ ;
/*!50003 SET @saved_col_connection = @@collation_connection */ ;
/*!50003 SET character_set_client  = utf8 */ ;
/*!50003 SET character_set_results = utf8 */ ;
/*!50003 SET collation_connection  = utf8_general_ci */ ;
/*!50003 SET @saved_sql_mode       = @@sql_mode */ ;
/*!50003 SET sql_mode              = 'STRICT_TRANS_TABLES,NO_AUTO_CREATE_USER,NO_ENGINE_SUBSTITUTION' */ ;
DELIMITER ;;
CREATE DEFINER=`root`@`localhost` PROCEDURE `login_giasu`(IN email varchar(50),IN pass varchar(50), IN aes_key varchar(100))
BEGIN
    select ID_GS,EMAIL_GS,TEN_GS,GIOITHIEU_GS,aes_decrypt(MATKHAU_GS,aes_key) as MATKHAU,ADMIN,ID_IMG from giasu
    Where EMAIL_GS = email and aes_decrypt(MATKHAU_GS,aes_key)=pass;
END ;;
DELIMITER ;
/*!50003 SET sql_mode              = @saved_sql_mode */ ;
/*!50003 SET character_set_client  = @saved_cs_client */ ;
/*!50003 SET character_set_results = @saved_cs_results */ ;
/*!50003 SET collation_connection  = @saved_col_connection */ ;
/*!40103 SET TIME_ZONE=@OLD_TIME_ZONE */;

/*!40101 SET SQL_MODE=@OLD_SQL_MODE */;
/*!40014 SET FOREIGN_KEY_CHECKS=@OLD_FOREIGN_KEY_CHECKS */;
/*!40014 SET UNIQUE_CHECKS=@OLD_UNIQUE_CHECKS */;
/*!40101 SET CHARACTER_SET_CLIENT=@OLD_CHARACTER_SET_CLIENT */;
/*!40101 SET CHARACTER_SET_RESULTS=@OLD_CHARACTER_SET_RESULTS */;
/*!40101 SET COLLATION_CONNECTION=@OLD_COLLATION_CONNECTION */;
/*!40111 SET SQL_NOTES=@OLD_SQL_NOTES */;

-- Dump completed on 2017-05-09 15:54:32
